TimeOfDay,DayOfWeek,Seasonality,Age,Gender,Location,PurchaseHistory,DeviceType,A,R
3,1,0,2,1,1,3,2,0.4,0.3901941404291561
3,5,3,2,1,3,0,1,0.7,0.6314895566511403
1,3,3,4,0,3,2,1,0.6,0.7056852722447744
2,2,3,1,1,0,3,1,0.4,0.624147405101093
0,4,1,2,1,1,3,2,0.55,0.5505629478126893
1,5,3,2,0,3,3,1,0.3,0.6514457240616204
1,0,0,2,0,1,1,1,0.55,0.8187647119328539
1,6,3,0,0,2,1,0,0.25,0.7015116192079013
1,5,1,0,1,2,3,0,0.25,0.625422390985284
1,6,2,2,0,2,1,0,0.55,0.7889220613132697
0,0,1,3,1,0,3,2,0.7,0.5853374404722945
2,5,0,1,0,1,3,1,1.0,0.6027589782297446
0,3,0,2,1,1,2,0,0.65,0.6978671567186379
0,0,1,2,1,1,2,0,0.4,0.6165647887516044
3,0,1,0,0,2,0,1,0.7,0.6392430393186397
2,1,3,0,0,0,1,0,0.05,0.42096676298275953
3,3,2,0,0,0,3,0,0.75,0.7096919434780191
2,2,0,0,1,1,0,1,0.4,0.5732562402305438
0,3,2,0,1,3,3,0,0.65,0.6936274309756146
1,0,3,1,0,2,1,1,0.35,0.6619939175169898
1,3,2,1,1,3,0,1,0.5,0.7203456939774796
1,0,1,0,1,3,0,1,0.55,0.6806543011506886
1,2,0,0,1,0,3,2,0.5,0.6816619880356422
1,6,2,1,1,1,3,1,0.4,0.6591215034578266
2,2,1,1,1,1,3,1,0.6,0.6969952289207356
1,1,0,2,0,0,0,0,0.85,0.7213810603652134
0,1,1,1,0,2,1,2,0.9,0.7470238659758255
0,4,2,2,0,0,3,0,0.15,0.5174653586822914
2,6,1,0,0,0,1,1,0.3,0.640201797443892
3,3,3,3,0,0,3,1,0.9,0.6536943071010222
2,4,0,4,0,0,0,0,0.4,0.43951761977843234
3,0,0,2,1,1,2,1,0.8,0.5993260142129796
3,1,3,2,0,3,2,1,0.6,0.6299198034764464
3,4,1,3,0,2,1,1,0.15,0.6936391286778814
1,1,3,0,1,3,3,1,0.9,0.7559602059654982
2,5,2,0,0,2,3,0,0.1,0.5573953014691297
1,5,2,2,1,1,3,0,1.0,0.7229868427203926
0,6,0,2,1,0,3,0,0.15,0.5466034129085066
3,1,0,2,0,2,2,2,0.25,0.5141562027260418
3,6,1,2,0,0,0,2,0.55,0.45278616684224104
0,0,1,1,1,0,1,1,0.5,0.692719472160448
3,6,3,1,0,2,2,1,0.45,0.5848953261476787
0,2,3,2,0,1,3,1,0.95,0.6959005671043272
3,2,0,0,1,3,2,1,0.25,0.6133410809126056
2,5,1,2,0,1,3,2,0.9,0.6099989131167618
0,0,1,1,0,2,3,1,0.6,0.6721703492785732
0,0,0,0,0,2,2,0,0.9,0.6313289589340566
2,4,0,3,0,1,1,2,0.05,0.4760477253605722
3,3,2,2,0,2,0,0,0.6,0.5947581667623058
2,4,2,4,0,3,2,0,0.4,0.5848787745759797
3,0,0,0,1,3,1,1,0.45,0.6674781598534857
0,0,3,4,0,1,3,1,0.65,0.5719147835942636
0,3,1,1,1,0,3,1,0.85,0.7855639139100363
0,4,3,2,0,3,3,1,0.4,0.42748174941342787
1,3,2,1,0,2,2,1,0.8,0.755355187583843
2,3,1,0,1,1,2,1,0.5,0.6873224390367549
3,0,1,0,0,1,3,1,0.3,0.6196444068318043
0,3,1,3,0,3,3,1,0.6,0.6815246552154169
2,2,3,4,1,3,2,2,1.0,0.5365052726243849
1,0,3,2,1,1,3,0,0.55,0.4612450631954823
0,5,3,3,1,1,3,0,0.2,0.5412391845810276
2,6,0,2,0,3,3,1,0.7,0.6432284068404595
3,1,1,3,0,0,1,1,0.85,0.7692266975718192
0,4,1,4,0,0,2,0,0.45,0.6010567426495266
3,0,1,2,1,2,3,2,0.35,0.42259702280859174
1,5,0,0,1,1,2,2,0.6,0.5843051301896137
3,5,0,1,1,2,0,0,0.95,0.5566953749838662
1,1,0,1,0,3,0,0,0.8,0.6970503742957624
2,5,0,2,1,0,3,0,0.2,0.4107400366409158
3,1,0,3,1,0,3,2,0.4,0.5057700499308391
1,4,1,1,0,2,0,0,0.75,0.6200014916811595
2,4,0,0,0,0,3,1,0.8,0.5390671527869753
3,3,3,1,1,3,1,2,0.9,0.6098898619893768
0,5,1,2,1,2,1,0,0.25,0.6949101564037679
3,0,1,3,0,1,0,0,1.0,0.6443903864815943
0,2,3,0,1,0,1,0,0.2,0.5374896534797677
2,4,0,0,1,1,3,0,0.65,0.6570445998897261
2,3,2,4,0,3,0,0,0.6,0.5947568039490696
0,2,0,1,0,3,0,0,0.85,0.5945037949875335
1,1,2,2,1,0,3,1,0.4,0.6257799028456633
0,5,1,2,0,0,0,1,1.0,0.7823882466373787
2,0,1,2,1,0,0,1,0.15,0.5307723488966488
3,5,3,4,0,2,3,1,0.85,0.48800916964362445
2,3,0,2,1,0,3,1,0.8,0.7378826828116388
0,4,3,1,1,1,3,2,0.5,0.6108467732192113
0,3,1,3,1,3,3,0,0.7,0.703394778467157
0,3,1,2,1,2,1,1,0.4,0.6487617594638958
0,5,2,2,0,2,3,0,0.05,0.5445173217203972
0,2,2,2,0,1,0,1,0.9,0.7064810923873692
3,2,2,3,0,2,0,1,0.5,0.6050281702519672
0,2,3,0,1,3,3,0,0.2,0.56187049873155
2,5,1,2,1,3,0,0,0.6,0.660684567997265
1,1,3,0,0,1,2,0,0.8,0.6654862780160582
3,5,1,0,1,3,3,1,0.15,0.6452997182376851
0,0,3,1,1,1,2,0,0.75,0.6429536553837091
1,2,2,2,0,0,3,0,0.95,0.7830179873073845
1,4,1,2,1,2,2,1,0.45,0.664971161206787
3,3,1,4,1,0,3,1,0.8,0.6924145381597041
0,5,0,1,1,2,3,1,0.6,0.7200014066489512
2,3,2,4,0,2,3,1,0.7,0.6582439634991806
0,2,3,0,0,2,0,0,0.75,0.5572236766457512
1,6,0,3,0,3,2,0,0.85,0.7018092815618594
1,1,1,1,0,0,2,1,0.55,0.7345557653104976
2,5,2,0,1,0,2,2,0.2,0.5148822896289244
2,1,2,4,0,3,2,2,1.0,0.6367675276415348
2,4,1,3,1,3,1,1,0.6,0.656851455012316
0,2,2,1,0,0,3,1,0.9,0.8041759659768887
2,0,0,0,1,3,3,0,0.25,0.536973786046013
1,5,3,1,0,1,3,1,0.6,0.7307067700004259
2,5,2,1,0,0,0,0,0.75,0.5958113435245262
3,2,3,2,1,2,0,1,0.65,0.6690629260985758
0,5,2,1,1,1,0,1,0.05,0.592407081486431
1,5,1,2,0,0,1,1,0.55,0.7461508073003643
1,2,2,4,0,3,2,1,0.75,0.6855744649853384
3,4,3,4,0,1,0,1,0.95,0.535799492869634
0,4,1,0,1,0,3,0,0.65,0.693692663485997
0,6,0,4,0,3,0,1,0.9,0.6493827113547362
2,6,3,0,1,1,3,1,0.85,0.5795377914048693
2,3,2,0,1,1,0,0,0.5,0.5440766979342673
0,2,3,1,0,2,3,2,0.4,0.5485944892391758
1,5,2,2,1,3,0,0,1.0,0.7077713881901195
3,1,1,2,1,2,0,0,0.75,0.5805504485811633
2,2,0,1,1,0,3,1,0.2,0.6248133738977589
3,5,2,0,1,0,3,2,0.95,0.6864190501384231
3,1,3,1,0,2,0,1,0.5,0.5220207569312499
0,1,3,1,1,0,3,1,0.9,0.6049109855237957
1,4,1,0,1,0,3,0,0.5,0.7124464347397068
3,2,1,2,0,0,3,2,0.6,0.4417317994364132
1,5,0,4,1,1,3,0,0.75,0.6578500500462989
1,1,3,4,1,1,0,1,0.25,0.5291794065370216
1,3,2,2,0,2,3,0,0.65,0.7465039719808232
2,6,2,2,1,3,3,2,0.85,0.6847451494435907
0,0,2,1,1,3,1,1,0.15,0.6649158890548699
2,5,0,3,0,2,3,1,0.6,0.5360270405778936
2,5,3,1,0,2,1,0,0.45,0.6315368227321675
3,0,3,0,1,1,0,1,0.1,0.48048972911516546
1,6,0,0,1,0,1,0,0.35,0.7353900448068611
0,1,0,2,1,0,3,1,0.25,0.5683233104936635
1,3,2,0,0,2,1,2,0.5,0.784323643095155
1,3,1,0,1,3,0,0,0.8,0.6874738335350592
1,1,0,0,1,0,3,0,0.9,0.5807028456125025
3,0,2,2,0,3,1,1,1.0,0.7682377923083697
3,5,2,1,1,2,3,1,0.2,0.666541166229496
3,1,3,1,1,0,2,0,0.7,0.5970051678633763
1,2,3,1,0,2,1,1,0.5,0.787054762758601
3,4,2,1,1,0,2,2,0.55,0.5828062321920617
2,5,2,2,0,2,3,2,0.35,0.5068445517156845
3,3,3,0,0,1,0,1,0.4,0.5008641107249242
3,0,2,1,1,3,1,0,0.65,0.6878782485896143
3,5,0,1,0,1,3,2,0.65,0.4445375022933973
2,3,0,1,1,0,0,1,0.95,0.6816842431319271
2,4,0,3,1,0,3,1,0.05,0.4090071400508777
3,3,1,3,0,0,2,1,1.0,0.7704413767000491
2,6,1,1,1,1,0,1,1.0,0.6876501371728715
2,1,3,2,0,2,3,1,0.75,0.6673238727960771
1,1,2,0,0,0,1,0,0.9,0.7315385334684806
2,5,0,0,0,3,1,1,0.25,0.5835374185960378
0,3,2,3,0,3,3,1,0.8,0.7260485199947344
1,1,3,0,1,1,3,1,0.4,0.720951282246134
0,6,2,0,1,1,3,0,0.15,0.5891871302152212
2,5,1,2,1,3,2,1,0.8,0.6632886936405331
0,2,1,2,1,3,1,2,0.75,0.730271536765062
1,6,2,0,0,3,2,1,0.25,0.6748548659247178
0,6,2,1,0,3,3,2,0.7,0.6380162618932091
3,2,0,1,1,1,2,1,0.35,0.6581967335408729
3,2,1,3,0,3,1,0,0.85,0.641342355820407
1,2,3,0,1,0,3,2,0.75,0.5699892874420863
0,3,0,0,0,1,0,1,0.55,0.6943940734656677
0,4,3,3,0,0,3,1,0.45,0.6158724428855625
1,4,0,0,0,2,1,1,0.25,0.688869938813931
0,0,2,0,0,3,2,1,0.6,0.7767284745970807
0,0,0,0,1,3,1,1,0.6,0.7110119825329793
2,3,0,1,0,2,2,1,0.55,0.742251388655524
0,1,0,2,1,1,1,1,0.6,0.7688736351302956
2,2,1,3,1,2,3,1,0.3,0.6110781451951348
3,0,0,2,0,1,1,1,0.1,0.6416388413685831
0,5,1,4,1,0,3,0,1.0,0.6603489250214007
3,6,1,2,1,3,3,1,0.8,0.6181240743479092
2,5,3,3,0,3,2,2,0.25,0.5201751667926466
1,3,1,2,1,3,3,2,0.4,0.6304755593030025
2,0,3,1,1,0,0,1,0.9,0.5850168748174011
1,0,1,2,1,1,3,0,0.25,0.6494141997342807
3,2,3,0,0,0,3,1,0.6,0.5436973932339259
3,1,1,3,0,0,3,2,0.1,0.3127422770262597
0,5,3,2,1,2,0,1,0.4,0.5539135063799707
2,1,0,0,0,2,1,1,0.3,0.6342939812126515
0,4,2,1,1,1,0,1,0.25,0.5978310176725239
0,4,3,3,1,2,2,2,0.3,0.4854075506085597
3,4,1,1,1,2,0,1,0.2,0.5166634754999185
1,5,0,0,1,0,3,0,0.55,0.574801690081571
0,6,3,4,1,2,0,0,0.25,0.43233058374237165
2,2,0,4,1,1,3,1,0.65,0.5321394109874721
2,1,2,1,0,2,2,0,0.25,0.6282790389691852
1,4,3,0,1,0,2,1,0.4,0.6586737833659444
3,5,3,4,1,2,3,2,0.35,0.44532330352388805
3,1,0,1,0,0,2,0,0.7,0.6615327347084977
0,5,2,2,0,2,0,2,0.55,0.6537252369648369
3,2,1,2,1,1,0,1,0.95,0.8241459293168443
2,4,2,1,0,0,2,1,0.25,0.6033906533600523
3,3,2,3,0,3,3,2,0.95,0.5125916827512935
2,4,0,0,0,1,0,0,0.2,0.46658985432877215
3,3,1,3,0,0,3,1,0.4,0.5199380580904137
3,5,2,1,1,3,2,1,0.5,0.7647392881915179
2,4,2,2,0,3,3,0,0.8,0.6785588699215792
0,1,1,2,0,2,2,0,0.6,0.6570569289072973
0,0,0,4,1,2,3,2,0.05,0.42248351169748954
1,3,2,2,0,0,2,0,0.6,0.7524641576426034
3,3,3,0,1,1,0,2,0.5,0.5746494895837986
2,3,2,2,1,1,1,1,0.7,0.7728426680504421
1,0,0,0,0,2,3,2,0.55,0.6177336188981881
0,3,2,1,1,1,3,0,0.2,0.5159242373299805
0,6,0,1,0,0,0,1,0.55,0.625481280566363
1,1,1,0,1,2,0,1,0.55,0.7821615166092932
3,0,3,2,1,3,2,2,0.25,0.4197776042217427
0,6,0,1,1,2,1,1,0.65,0.6922710723017234
3,6,0,2,1,0,2,2,0.35,0.5781499247524033
3,4,1,2,1,1,3,0,0.8,0.6628773988658371
2,4,2,2,1,3,0,1,1.0,0.7901920866101413
2,2,1,3,0,2,0,0,0.8,0.5985155368416158
0,2,3,0,1,0,3,1,0.85,0.781814110390762
0,3,3,1,0,1,1,1,0.4,0.733444586903122
1,5,2,4,1,2,3,1,0.6,0.6075924599853889
0,1,0,0,1,1,2,1,0.25,0.5740019916739615
3,1,2,0,0,3,3,1,0.2,0.65624278847794
2,0,1,2,0,1,1,1,0.1,0.5498210780294529
0,6,3,2,1,3,3,1,0.65,0.6936761757732325
2,4,3,2,0,0,2,0,0.7,0.5375710230016085
3,4,1,4,1,2,1,2,0.15,0.5336543391372565
0,4,3,2,1,1,3,2,1.0,0.6461824713345781
2,3,0,0,0,1,0,1,0.9,0.784975502100812
2,3,0,1,1,2,1,1,0.3,0.6801991714928128
2,4,2,1,0,0,3,1,0.6,0.5513832756824458
1,6,0,4,0,3,0,1,0.35,0.49475355076675515
1,6,2,2,0,3,0,1,0.35,0.6317474088180027
2,2,0,1,1,3,3,0,0.9,0.5129072522012483
0,1,3,4,1,1,3,0,0.05,0.475128182459219
0,3,3,3,1,3,2,0,0.3,0.5507750101741452
2,5,1,3,0,1,3,2,0.9,0.42856317955842577
1,0,1,3,1,2,3,0,0.85,0.7075109722691052
0,5,2,2,0,3,2,0,0.6,0.6111107640536179
3,0,0,4,0,0,3,2,0.9,0.5242041193678063
0,2,2,1,0,0,2,1,0.95,0.8157527450041293
2,4,3,2,1,1,0,1,0.1,0.5221030102448327
2,5,1,0,0,2,2,1,1.0,0.7102130568761876
1,4,3,2,0,1,1,0,0.45,0.6905176072729826
2,3,3,0,1,0,3,0,0.75,0.5266422328538238
3,2,2,1,1,3,0,2,0.95,0.7025213599262569
0,2,1,1,1,3,3,1,0.8,0.6198032657012341
2,5,2,0,1,1,3,1,0.9,0.7776838055552638
1,5,2,3,1,1,1,1,0.25,0.7354412766104534
3,3,3,3,0,3,0,1,0.45,0.6911504606210725
2,3,1,2,0,2,3,1,0.55,0.6750798926679852
0,1,2,4,1,0,3,2,0.9,0.4635785550338157
3,1,2,1,1,2,3,0,1.0,0.6243463924092931
0,0,0,1,1,0,3,2,0.15,0.48050834278371446
1,4,0,1,0,2,0,0,0.7,0.6132143283456825
1,6,1,0,0,3,3,2,0.3,0.5138869960507676
2,5,0,1,0,1,0,1,0.1,0.46803956814455644
1,4,3,1,1,2,2,1,0.9,0.7932516626719643
3,6,1,1,0,1,1,0,0.9,0.6318202261574095
1,3,1,0,1,2,2,1,0.45,0.7270857158742035
0,3,2,1,1,1,3,0,0.7,0.5707197724260942
2,2,3,1,1,1,2,0,0.75,0.5861150085193876
0,1,2,1,1,3,3,1,0.1,0.4789401231555336
0,0,3,1,1,0,0,1,0.85,0.6366761039742654
3,2,1,2,0,1,3,1,0.4,0.6592163831007698
2,6,0,1,0,1,2,1,1.0,0.7038979852647425
0,3,2,2,0,2,3,1,0.85,0.7934764308143417
3,4,3,3,0,3,0,1,0.6,0.5938190737432332
1,5,1,4,0,3,3,0,0.9,0.5081703653956605
1,1,1,0,1,1,1,0,0.4,0.7333426120239281
0,0,3,0,0,2,1,1,0.5,0.7187792745490952
3,6,0,2,0,1,3,1,0.65,0.609344186878985
0,2,0,1,1,1,3,1,0.7,0.7095568643232799
0,1,0,0,1,0,3,2,0.15,0.41813039072159436
2,4,2,1,1,1,0,0,0.3,0.49185615285089956
1,5,3,1,1,2,0,0,0.5,0.550102380468749
2,4,1,0,1,3,0,1,0.7,0.7508619757852197
1,1,2,4,0,3,1,1,0.35,0.6710157385116268
1,4,0,0,1,3,3,1,0.9,0.6963370614658153
2,2,1,2,0,2,2,2,0.9,0.662490846508343
1,2,3,1,0,3,3,1,0.4,0.5615697210062394
1,1,2,2,0,3,2,0,0.9,0.7078720274613757
1,6,1,1,1,3,3,1,0.9,0.6620612131118664
3,2,3,4,0,3,3,0,0.95,0.6086722281451256
2,1,0,4,1,1,1,2,0.55,0.5864428658928155
3,0,0,0,1,2,3,1,0.05,0.4723664790283571
2,5,2,3,1,0,2,2,0.65,0.6432121044740089
1,3,0,1,1,3,1,2,0.65,0.7729791799019632
3,4,0,1,0,2,3,2,0.1,0.3234615344550633
2,2,0,1,1,3,1,0,0.25,0.6334937052105439
2,0,0,3,1,2,2,2,0.3,0.48504937696045874
1,5,1,2,1,0,1,2,0.95,0.78528291882305
0,2,1,2,1,3,3,0,1.0,0.5981368422697251
3,2,1,2,1,0,2,1,0.95,0.7493519179985173
0,6,0,4,0,1,3,2,0.65,0.41909515815048903
0,2,1,4,0,0,3,1,0.95,0.7239637547096217
3,4,1,1,0,0,0,0,0.55,0.5808627678471691
1,4,0,0,0,1,3,1,0.25,0.6926665589651281
2,4,1,4,1,3,3,0,0.2,0.5319638999470766
1,0,1,4,0,3,3,2,0.4,0.5866672632986222
1,3,0,0,0,0,3,2,0.8,0.5669252218947413
2,2,2,1,1,3,3,1,0.9,0.7862909894825619
0,1,3,1,0,3,0,1,0.55,0.5930247047764152
3,0,1,1,0,0,3,0,0.8,0.669694846438449
3,3,2,0,1,1,3,1,0.5,0.7214249120948552
1,5,2,4,0,0,2,1,0.35,0.6518038369677246
1,4,0,1,0,2,3,0,0.7,0.6758362890068741
1,5,3,2,1,1,3,1,0.25,0.6827169422525088
0,6,2,2,0,1,2,0,0.5,0.6549293437356037
3,5,2,2,1,0,2,1,0.8,0.7882012993007154
3,3,2,0,1,2,1,0,0.6,0.7197085260274406
2,4,2,4,1,2,3,0,0.05,0.3974924745466104
2,6,0,2,1,3,1,1,0.45,0.7009541401288766
2,6,3,3,0,0,1,0,0.85,0.6457071716970523
0,1,0,0,0,3,3,1,0.6,0.5678921788832759
1,6,1,1,1,2,2,1,0.95,0.748633538789282
1,0,1,0,0,3,2,1,0.9,0.7617607629024301
2,2,0,2,0,3,0,0,0.7,0.5453151762873824
0,4,1,2,1,3,1,0,0.6,0.7086656610848144
2,6,0,3,1,3,2,0,0.25,0.5553846655008744
2,5,1,2,1,2,0,2,0.95,0.5571554290763879
1,5,3,1,1,3,3,2,0.75,0.5272508476727298
3,1,1,4,1,1,0,1,0.6,0.6330460880452895
2,3,1,0,0,3,1,2,0.2,0.5961685386068146
2,1,2,3,0,0,1,1,0.25,0.7466665010839213
0,3,3,1,0,0,3,1,0.6,0.6627749448923571
0,3,2,2,1,2,3,2,0.4,0.647262273204031
3,0,3,3,0,1,0,0,0.05,0.3473824024478467
3,4,2,1,0,3,0,0,0.65,0.5527261612994635
2,3,2,1,1,1,1,1,0.55,0.7254800822630622
0,1,2,3,0,3,2,0,0.95,0.7513979847490664
0,3,2,1,0,2,1,0,0.55,0.756424026884325
3,5,3,1,0,1,2,2,0.35,0.44875395267308255
3,3,0,4,0,1,1,0,0.7,0.6889440659289854
3,6,3,4,0,2,3,1,0.2,0.48360221745269827
0,3,2,3,0,3,0,1,0.25,0.5635025513633048
3,5,2,4,0,1,1,2,0.2,0.5316122002773368
3,3,0,1,1,2,2,2,0.75,0.6856955982117228
1,0,3,1,0,0,3,0,0.6,0.6199055687422049
0,0,3,3,1,1,3,1,0.2,0.5950001960158396
1,4,0,3,1,3,3,0,0.7,0.6754127080201349
0,0,3,4,0,3,3,1,0.35,0.544469073250002
1,6,0,0,1,2,0,0,0.7,0.6150698634807961
1,3,1,3,0,2,2,0,0.6,0.7033871209878471
3,0,3,0,0,0,1,1,0.4,0.7065131571475491
2,0,3,1,1,2,3,1,0.7,0.5324720900062148
0,2,1,3,0,0,2,0,0.65,0.6462891991584119
0,5,1,2,0,1,3,0,1.0,0.706485302457658
0,4,2,3,1,2,3,1,0.15,0.49949260099693243
2,3,3,2,1,2,3,2,0.75,0.5010317652013901
0,2,3,3,0,1,0,0,0.6,0.5380851047507114
0,2,3,3,0,0,1,2,0.3,0.5695498607094246
0,4,0,0,0,0,2,1,0.4,0.6123252408056696
3,5,1,1,0,0,3,1,0.1,0.4827028756701244
1,2,3,0,1,2,0,1,0.85,0.6924441179930753
2,3,3,3,0,1,3,1,0.7,0.6545609142345614
3,1,2,1,0,3,2,2,0.1,0.5671947895280816
1,2,0,4,1,3,3,1,1.0,0.7872743816727301
3,0,2,0,1,0,2,1,0.65,0.6786150786945876
3,0,0,3,0,3,2,1,0.85,0.6493676017608523
1,0,3,2,0,0,3,0,0.85,0.6758084546208509
2,0,0,1,0,2,3,1,0.8,0.5843392594245765
2,6,1,3,0,1,1,1,0.15,0.6915569278372921
2,5,3,1,0,2,0,0,0.15,0.3670416180144114
3,3,1,0,0,1,3,1,0.45,0.6703315078516279
2,3,1,0,1,1,3,2,0.9,0.5881786655798933
1,4,2,2,1,1,1,0,0.4,0.7611174763534821
3,1,0,0,0,3,3,1,0.95,0.618262832278498
1,6,2,3,0,0,2,0,0.3,0.6895590017304233
1,0,0,1,0,1,0,0,0.25,0.5576165938679766
1,0,0,1,0,3,2,1,0.5,0.639528681941172
3,3,1,4,1,2,3,1,0.7,0.6615635214075092
3,6,1,0,0,0,3,1,0.1,0.6059120240744325
2,5,1,1,1,2,1,0,1.0,0.6486307008892129
0,1,1,1,1,2,0,2,0.25,0.63042561432255
1,5,1,0,1,1,3,0,1.0,0.6594495654755843
3,4,3,0,1,2,3,0,0.15,0.37825102330833826
2,2,1,2,1,1,3,1,0.55,0.6917177234939662
2,6,2,2,0,1,2,1,0.4,0.6441904459665181
2,1,0,0,1,2,2,0,0.55,0.5775607958076217
2,3,2,2,1,0,3,1,0.4,0.680699593620665
3,3,1,1,1,1,0,0,0.7,0.596240188709111
1,4,3,0,1,1,1,0,0.6,0.6914385137265017
3,0,3,4,0,0,2,0,0.6,0.541139451574021
3,4,1,1,0,2,0,0,1.0,0.61099667234368
0,6,0,4,1,0,1,0,0.45,0.5550943409561081
0,2,3,0,1,2,1,0,0.8,0.6662103433773632
2,6,0,2,1,3,0,2,0.15,0.3907440665314582
2,0,2,1,0,3,2,2,0.4,0.5560497165686895
2,4,3,1,1,1,3,2,0.65,0.5767210325767264
0,3,0,1,0,0,2,1,0.55,0.7459177528065152
2,1,1,3,0,1,3,0,0.15,0.48895010508467024
0,2,1,1,1,3,1,1,0.55,0.749183350085707
0,4,2,1,0,1,0,0,0.55,0.5462556845146866
2,0,0,4,1,0,2,1,1.0,0.721168556991939
3,2,2,0,0,0,3,0,1.0,0.7446748927941661
0,4,3,3,1,3,2,1,0.7,0.6650242540805631
3,5,2,3,0,1,1,0,0.7,0.7124651061065694
0,3,1,2,0,2,2,2,0.6,0.5852275999385974
1,3,1,0,0,0,0,1,0.45,0.7124597678867232
1,6,2,2,1,3,3,0,0.85,0.7776446300616541
0,3,2,1,1,1,1,0,0.6,0.784981994404436
0,6,3,4,1,3,2,0,0.7,0.5459045410978759
2,3,1,1,1,2,1,1,0.25,0.6533896677204266
2,5,3,2,0,1,2,1,0.25,0.5035901861694838
2,0,2,2,1,1,0,0,0.3,0.5366174149597024
0,0,0,1,1,3,0,1,0.45,0.5726074080424518
1,0,2,1,0,3,3,0,0.95,0.7550668078875649
1,1,1,2,0,0,2,0,0.85,0.7476008460677352
1,2,3,0,1,0,0,1,0.55,0.6729989722563533
1,2,2,2,0,2,0,2,0.5,0.5815387155443978
0,1,1,0,0,0,3,1,0.45,0.6737168644618674
3,2,2,2,0,3,2,1,0.6,0.7578069352081612
1,4,0,4,1,3,3,2,0.35,0.39525364468294844
2,2,3,1,0,2,3,0,0.25,0.5255657738622218
3,4,2,2,0,0,0,2,0.15,0.47980441553842246
3,2,1,0,1,1,2,1,0.8,0.7242707361010621
0,4,2,0,1,1,1,1,1.0,0.8006456547977161
3,0,3,2,0,2,1,2,0.7,0.6368911189401205
3,3,2,2,1,3,1,2,0.25,0.6645314655252863
0,6,0,3,0,3,2,0,0.3,0.6320341909174176
1,1,2,0,0,2,0,1,0.3,0.6356024554691414
2,5,2,0,0,2,3,1,0.85,0.6353682828787471
0,0,0,0,1,1,1,1,0.85,0.7274853360999334
2,3,2,1,0,1,3,2,0.5,0.6153178763028219
1,4,2,2,0,0,3,0,0.85,0.5849249092283672
1,6,3,3,1,0,1,1,0.5,0.6907063532311832
3,6,1,1,1,3,0,1,0.3,0.5822197148882212
1,3,1,2,1,2,0,1,0.8,0.7199266871581296
1,5,2,0,0,2,3,1,0.75,0.63450568167157
3,3,2,0,1,2,1,2,0.25,0.6801067946363084
3,5,3,4,0,2,2,0,0.65,0.5585807564908443
3,0,3,1,0,3,2,1,0.15,0.47082086601051465
3,6,2,3,0,0,1,0,1.0,0.7802783630560874
3,2,0,1,1,3,1,1,0.6,0.6893441696629109
0,4,3,0,0,3,0,1,0.75,0.7586505013562355
2,4,1,3,0,1,3,1,0.25,0.5833618323299147
2,2,1,2,1,3,3,0,0.65,0.5309633716890692
0,0,1,0,1,1,2,0,0.55,0.6426853689947852
2,3,2,2,1,3,2,2,0.7,0.6098890210714877
3,0,1,2,1,3,3,1,0.1,0.4805559757197401
2,3,0,2,1,0,1,0,0.85,0.7240791177034346
1,4,1,3,1,3,3,2,0.5,0.6724072282611733
2,3,1,1,0,3,2,1,0.75,0.6662533619550215
0,5,0,1,0,3,2,1,0.4,0.6038503487199713
3,0,3,1,0,0,3,1,0.4,0.5017634976341907
0,6,3,0,1,2,2,1,0.85,0.6418414595798037
3,3,2,4,1,2,2,1,0.65,0.6877950609409552
2,6,0,4,0,3,0,1,0.4,0.5475375169503502
3,5,1,2,1,3,3,0,0.3,0.46567214436325605
0,5,2,0,1,2,3,1,0.15,0.6871800708856592
2,5,3,2,0,3,2,1,0.5,0.6435262086094699
2,2,0,2,1,1,3,2,0.7,0.548729638081354
0,2,0,1,1,1,3,0,0.55,0.6646345222753778
1,0,2,2,0,2,3,0,0.4,0.6787441691948995
3,2,0,0,1,1,3,1,0.45,0.6577080050710994
0,5,0,0,1,0,2,0,0.05,0.6163484019475644
1,6,1,4,0,2,0,1,0.65,0.6099629534302369
3,4,3,3,0,2,0,1,0.7,0.59819992454556
2,5,1,2,0,3,0,1,0.35,0.6120689747864885
0,5,0,2,1,1,3,1,0.1,0.6330673443014749
2,4,3,0,1,2,3,1,0.5,0.6071672794646942
3,0,2,0,0,1,0,0,0.75,0.5808193636391992
2,2,3,1,0,1,3,1,0.2,0.4408679446466301
2,0,0,3,0,1,0,1,0.15,0.48277010673746074
3,2,0,2,0,2,3,0,0.6,0.469847833936189
1,5,1,2,1,1,3,2,1.0,0.6951382968074196
2,5,0,0,1,1,1,1,0.25,0.6769422301585425
3,3,0,0,1,0,3,1,0.6,0.7053868753603945
2,0,1,0,1,2,2,2,0.2,0.57107542744509
2,3,0,2,1,0,3,1,0.8,0.7060419912064215
1,3,2,4,0,3,2,1,0.8,0.697152922900503
3,1,3,4,1,0,3,0,0.65,0.5035572305601016
1,0,0,2,0,1,0,2,0.45,0.5434614028774409
3,3,3,0,0,3,1,2,0.75,0.6857242394426886
3,2,1,1,0,1,3,2,0.75,0.664246415029589
3,2,2,0,0,2,3,2,1.0,0.707420922742623
2,5,0,4,0,0,0,0,0.35,0.49703023120355194
2,0,1,0,1,0,3,0,0.75,0.5815572481688283
3,3,3,0,1,2,2,1,0.9,0.7191998479011517
1,4,2,1,0,1,1,0,0.55,0.7805507821315564
0,4,3,4,1,0,2,0,0.1,0.47170994205222366
2,5,3,2,1,2,3,2,0.6,0.5142258349874291
3,0,1,4,0,2,2,0,0.7,0.5794833075231398
2,6,3,4,0,1,3,0,0.15,0.38262543896980783
0,4,2,4,1,2,0,0,0.55,0.4799286358102149
3,4,0,2,0,2,0,0,0.15,0.40964184088299027
1,0,3,2,0,3,3,2,0.9,0.5049182084292017
2,0,2,2,0,0,0,0,0.85,0.6676768519792795
0,1,1,0,0,0,3,2,0.5,0.6212565747922117
3,1,0,3,0,1,3,0,0.2,0.3645750314350197
3,3,0,2,1,1,0,0,0.65,0.5391560484032907
1,1,2,0,1,0,3,0,0.9,0.7011475731361119
2,3,3,0,0,0,0,1,0.6,0.5905269614916833
1,6,0,2,1,0,3,1,0.55,0.6953246591256561
3,1,2,4,0,2,2,2,0.95,0.6423344052760865
1,6,0,1,0,2,3,0,0.45,0.49458190087010534
0,5,1,1,0,2,3,1,0.2,0.6605234403174859
1,1,3,2,1,2,3,0,0.8,0.6711585276511244
1,6,3,3,0,2,0,2,0.75,0.5573813885411174
2,5,3,0,0,0,0,1,0.6,0.556971695138052
2,0,0,3,1,3,0,0,0.1,0.4647375592297191
1,1,1,1,0,0,0,1,0.3,0.6299125850992987
3,0,2,3,1,0,3,1,0.15,0.6107942710939598
0,5,1,2,1,2,1,2,0.75,0.638338116668854
0,5,2,0,1,0,3,2,0.6,0.6387778111296041
1,0,2,0,0,0,0,1,0.6,0.7987706669254093
0,4,0,3,0,3,3,1,0.2,0.5643318014570438
1,4,2,2,0,3,1,0,0.35,0.7386522803553162
1,0,1,1,1,3,0,1,0.55,0.6639451205263454
3,2,3,1,0,0,3,0,0.25,0.37736765601458205
1,1,2,3,0,2,3,1,0.3,0.6564239157592888
0,0,2,3,0,1,3,1,0.45,0.619951950340116
0,0,3,3,1,2,0,1,0.8,0.6290591026759955
1,0,3,0,0,2,3,2,0.25,0.5610605721795799
0,2,1,0,1,1,0,0,0.3,0.5341203804913529
0,4,1,1,1,1,3,1,0.2,0.5350037526554943
3,4,2,1,1,0,2,0,1.0,0.662729685394185
1,6,0,0,0,3,0,2,0.25,0.5003718859711939
2,3,0,3,0,1,3,2,0.65,0.5775558244921096
1,4,2,1,1,0,0,0,0.4,0.6228454927254817
1,1,3,2,1,0,3,1,0.9,0.7548098499440762
1,6,3,0,1,0,3,1,0.25,0.6498969717859799
2,2,0,1,1,0,0,0,0.4,0.4784136292187076
1,5,0,1,0,0,0,1,0.3,0.5752250488571139
2,0,1,4,1,2,3,1,0.4,0.5148997972573998
2,4,0,1,1,1,0,2,0.65,0.43970516888363975
0,5,1,1,0,3,0,0,0.1,0.43217187780810734
0,0,2,0,0,2,0,0,0.9,0.6255792704573462
2,0,0,3,0,0,1,1,0.75,0.7535843246151982
0,6,0,2,0,2,1,1,0.3,0.692333637055822
2,4,0,4,0,1,1,0,0.85,0.6399030138556115
2,6,0,0,1,0,2,1,0.25,0.6144639178921395
0,3,3,0,1,0,3,1,0.65,0.6984962470565572
3,3,0,0,1,0,3,1,0.75,0.6107974923931293
3,4,0,0,1,1,0,1,0.95,0.6709693218336249
0,1,0,3,0,2,3,1,0.35,0.6268815533750481
2,6,3,4,1,3,1,2,0.75,0.6061436524307766
0,0,1,0,1,3,3,0,0.5,0.61417538244791
2,3,3,0,0,2,0,1,0.3,0.5022432699294327
0,6,2,0,0,3,0,2,0.4,0.6549216935608574
3,5,3,3,1,1,3,1,0.9,0.6573457735479028
0,6,3,2,1,0,0,2,0.2,0.38274350100017973
3,0,0,0,1,0,1,1,0.85,0.7224116022948674
0,3,2,2,1,1,2,2,0.55,0.6632750062147627
2,2,0,4,1,0,1,1,0.95,0.784893605890035
2,4,3,4,0,2,0,2,0.15,0.29485300715582924
2,0,0,0,1,3,3,0,0.7,0.5442471407120799
1,2,0,3,0,1,3,2,0.6,0.6077398575163724
2,3,2,3,1,2,2,2,0.95,0.6312210639633705
2,1,3,3,1,0,0,0,0.45,0.4455742470830364
1,6,2,4,0,1,2,1,0.7,0.7560092422048024
1,5,0,2,1,3,3,2,0.35,0.5811989962794027
3,4,1,0,0,3,0,1,0.9,0.7658531736275368
0,0,3,2,0,0,3,1,1.0,0.6915756390739314
3,1,3,0,0,2,3,2,0.2,0.3066644632741268
3,0,2,1,0,1,1,1,0.7,0.761233868898078
0,1,3,0,0,2,3,0,0.85,0.6302079286128377
0,2,3,3,1,0,3,0,0.25,0.5169727570363732
3,4,2,4,1,1,1,1,0.1,0.6668444571458121
0,4,0,0,0,0,3,1,0.45,0.6780170035195212
3,0,2,0,1,3,3,0,0.8,0.7018345223017689
2,0,3,3,0,2,3,1,0.4,0.5748728105657996
1,1,2,1,1,2,3,2,0.6,0.6932469447744867
0,0,1,1,0,2,2,1,1.0,0.7371201013739681
2,1,2,1,1,3,3,2,0.3,0.5430479427156968
3,5,3,4,1,0,0,1,0.95,0.5666826405735121
2,6,1,1,0,3,0,1,0.6,0.5758602013346134
0,3,3,3,1,2,3,0,0.25,0.41886263640742166
1,5,0,3,1,3,3,2,0.9,0.6649738372952045
0,3,1,4,1,2,3,0,1.0,0.690525166735305
3,1,3,0,0,3,1,0,0.5,0.6167993417624837
0,2,3,0,0,3,2,2,0.9,0.6751409094331
2,0,0,3,1,2,3,1,0.35,0.605332204828837
2,5,3,0,1,2,3,0,0.45,0.5473063493320308
0,1,2,1,0,1,1,1,0.25,0.663803013166928
3,0,0,2,1,3,3,0,0.55,0.5809205955094504
3,5,1,2,1,2,1,1,0.5,0.7036416559985437
1,2,2,1,1,0,2,1,0.4,0.7352386224706291
2,6,2,4,1,3,2,1,0.75,0.6764704334371078
2,1,1,1,0,0,1,1,0.95,0.8061516445661192
3,4,1,3,0,1,0,2,0.85,0.6155662123174077
2,6,1,2,1,1,0,1,0.35,0.5449863267634876
0,5,1,4,1,1,1,2,0.8,0.6656312706661476
0,0,1,4,0,0,0,1,0.9,0.6199563407145953
3,4,0,1,0,0,0,1,0.3,0.5219440070423667
2,2,2,0,1,1,1,2,0.25,0.6211236272190214
0,5,3,3,0,2,2,0,0.9,0.6253992245592491
2,1,2,4,0,2,3,2,0.95,0.4418876165647678
2,3,0,2,1,0,2,0,0.85,0.7441517056056289
2,2,0,1,0,3,3,2,0.8,0.6162674125910605
0,3,0,0,0,0,1,1,0.4,0.6273450264959047
0,5,0,0,1,0,1,1,0.55,0.719836667191158
2,2,3,0,1,2,2,0,0.3,0.5467295318566239
2,2,0,0,0,0,2,1,0.65,0.684571051061719
0,2,2,1,0,0,2,0,0.75,0.6408355846908145
2,2,1,3,1,1,0,2,0.8,0.5243891570887207
0,0,1,3,0,0,2,1,0.7,0.7572262338523613
1,3,0,2,1,3,1,0,0.8,0.7663846781659491
1,4,2,3,0,1,2,1,0.95,0.8453326093716975
3,0,0,2,0,1,1,0,0.35,0.6280017512815829
0,0,0,4,1,3,2,0,1.0,0.6791598597141835
3,4,3,4,0,3,1,0,0.85,0.6042357266505985
3,5,1,3,1,1,3,1,0.9,0.7312597271936401
3,1,3,2,1,1,1,1,0.5,0.6766767459563404
3,6,2,0,1,1,3,2,0.05,0.5567601655595207
3,3,1,1,0,1,0,0,0.6,0.5080462508895053
3,1,3,4,1,3,0,0,0.05,0.3863884898700288
3,5,2,3,1,3,0,2,0.7,0.5881540658929469
1,2,0,0,0,0,1,1,0.65,0.7779776138030655
2,2,0,4,1,0,1,0,0.8,0.6983524484880027
3,2,2,2,1,0,3,1,0.2,0.5312451755222305
2,1,3,2,1,1,3,2,0.3,0.47900414106043
1,5,1,3,0,3,2,1,0.85,0.7846093531435181
1,1,0,2,0,2,3,0,0.65,0.5973175936070768
3,0,3,4,0,2,1,0,0.9,0.6328148978672007
0,5,0,0,0,1,2,1,0.65,0.65740151715386
1,2,1,1,1,3,0,1,0.6,0.6750440007679208
3,5,1,1,1,0,3,1,0.2,0.6026208296937751
1,1,0,0,1,3,3,0,0.4,0.6440569151615347
0,3,0,4,1,0,0,1,0.95,0.7328322679689718
3,6,2,2,0,3,3,2,0.45,0.5587937424896392
2,0,3,0,0,1,3,0,0.5,0.3919234916056808
2,3,2,1,1,0,2,1,0.3,0.6548844043729478
3,5,1,3,1,3,3,0,0.45,0.47188951369282556
0,4,2,1,1,1,2,0,0.1,0.6032758965667461
0,2,1,3,1,0,1,1,0.85,0.8075978021786093
3,3,1,1,0,1,3,0,0.85,0.5381751577302651
2,0,3,2,1,3,1,1,0.8,0.6957411673127499
2,4,3,0,0,1,2,2,0.45,0.41626414704526143
0,6,3,2,0,1,2,0,0.6,0.5537200829484487
0,0,3,2,0,3,1,1,0.05,0.5571342408634591
1,5,3,0,0,0,1,1,1.0,0.7404506598171573
1,4,2,0,0,2,3,0,0.9,0.6202879899772641
2,3,1,1,0,1,0,2,0.2,0.4504530913166748
1,2,3,1,0,2,2,1,0.7,0.792829784345153
3,4,1,0,0,2,3,0,0.75,0.5164957851043219
1,6,0,3,0,0,0,1,0.6,0.6344675071783209
3,6,0,0,1,0,3,1,0.2,0.6112607287856893
1,2,0,1,0,3,1,1,0.85,0.7703946166529096
3,1,3,3,0,2,1,0,0.85,0.6579824829882047
1,3,0,0,1,2,1,1,0.65,0.823695016636673
3,3,3,0,1,0,0,1,0.6,0.5528985513377374
1,4,1,2,1,0,0,2,0.35,0.5883127716103802
2,6,3,1,1,3,2,1,1.0,0.6827881574555732
2,4,0,2,1,1,0,1,0.45,0.6032525300188679
3,0,1,1,0,2,0,0,0.35,0.5252516782102568
1,3,3,3,0,3,3,1,0.9,0.7409585842469131
1,0,1,3,0,2,2,0,0.7,0.7044452846437451
1,2,0,4,0,0,2,0,0.95,0.7347795616229142
0,1,1,0,1,0,0,1,0.05,0.5487079952782842
2,6,2,1,0,3,3,0,0.25,0.5954945275817474
3,2,1,2,0,1,0,0,0.65,0.5794752215265165
3,0,2,0,0,3,2,1,0.45,0.6210754250007299
1,0,2,0,0,1,0,0,0.6,0.6242475144119921
2,4,0,3,0,2,0,1,0.65,0.5380905772348642
2,5,1,1,1,2,3,0,0.9,0.5705321200861343
0,3,0,1,0,2,2,2,0.7,0.57682714544176
3,3,0,3,0,2,3,2,0.6,0.57595635294447
2,1,0,1,0,3,2,2,0.6,0.5832066110848025
3,1,3,1,0,1,1,1,1.0,0.6917945635347338
2,4,1,3,0,3,2,2,0.7,0.6483685124483897
1,4,3,1,0,3,2,1,0.9,0.7917501791146347
3,4,1,2,1,0,0,1,0.5,0.6627509438837345
2,0,3,2,0,0,2,1,0.05,0.48519938899970727
3,3,1,4,1,3,3,1,0.75,0.6881692235450373
1,2,2,4,1,3,3,1,0.5,0.7395624833847806
3,3,1,1,1,2,3,1,1.0,0.7889178026062323
3,3,0,1,1,3,1,0,0.3,0.6883737355248486
3,3,1,1,0,2,2,0,1.0,0.7360649896673721
3,2,3,2,1,3,3,0,0.75,0.5706230067592982
3,3,3,4,0,2,3,1,0.7,0.5931027924095819
0,2,0,4,0,1,3,1,0.75,0.6701385406004297
3,3,2,4,0,2,0,0,0.45,0.5655013955408947
0,1,2,1,1,3,0,2,0.15,0.4391770323128149
1,6,2,4,0,1,2,0,0.75,0.6790932844232953
1,5,0,1,0,1,2,0,0.55,0.6766867258373048
3,3,2,1,0,3,0,2,0.9,0.729347536121752
1,0,2,0,1,3,0,1,0.8,0.7724618210455395
2,6,1,3,1,3,0,1,0.95,0.6440698160357476
2,1,2,1,0,1,0,0,0.65,0.6380130297658737
0,6,1,2,0,2,2,1,0.5,0.7001865156756041
3,4,1,0,0,0,1,0,0.05,0.6206007181730062
2,1,1,3,1,1,0,1,0.7,0.6672395592967404
3,6,3,2,0,1,1,0,0.55,0.6263735733140174
2,0,2,2,1,2,2,0,0.85,0.6903592196240251
0,2,0,2,0,0,0,2,0.5,0.505700720182949
3,3,2,3,0,2,1,1,0.3,0.7271310495011388
2,4,0,1,1,3,1,1,0.15,0.6056317090004765
0,5,1,1,0,0,1,1,0.9,0.730952215585776
3,0,3,3,0,0,0,0,0.85,0.48617129980560037
2,4,2,4,0,0,3,0,0.7,0.47456197720846405
1,4,3,0,1,1,1,0,0.45,0.6247576462363682
2,4,1,3,0,3,1,0,0.65,0.6987751371872356
1,4,0,0,0,3,1,2,0.85,0.7608697280643412
0,4,1,4,1,2,3,0,0.3,0.4072394041702821
1,3,2,2,1,0,2,2,0.55,0.6593899419272576
3,0,0,4,1,2,1,1,0.3,0.5408701248939376
3,3,3,1,0,3,3,1,0.7,0.6765015732568584
0,6,1,1,1,2,0,0,0.95,0.6509295763059613
0,5,3,0,0,3,0,1,0.85,0.6132530543297523
0,5,3,0,1,0,1,1,0.3,0.6530453256627756
2,5,0,1,0,1,2,0,0.35,0.6281082755847962
2,3,2,2,1,2,3,0,0.95,0.5887139248329638
0,5,2,2,0,0,3,1,0.2,0.6528786369394828
3,1,1,0,0,0,0,1,0.45,0.5452925529436187
3,5,3,4,1,2,3,2,0.25,0.280667580679478
3,4,2,3,0,2,2,1,0.75,0.7560674480061076
3,4,2,3,1,3,3,2,0.15,0.579375725216955
1,6,3,1,0,1,0,1,0.45,0.5955004087854919
3,3,3,3,0,1,2,0,0.2,0.4622593253684922
2,5,0,4,0,3,1,0,0.2,0.4562849323562028
2,4,3,1,1,3,3,0,0.35,0.45862630326654086
2,2,1,2,1,0,2,0,0.55,0.7134840879482198
3,3,1,4,0,3,1,0,0.7,0.6439534282604134
2,3,1,2,1,1,1,1,1.0,0.7425884946945505
0,0,3,3,0,2,1,0,0.4,0.5844120838250476
1,0,2,0,0,0,1,0,0.4,0.6702094467455835
0,5,0,3,1,1,3,2,0.35,0.5518750948798224
1,5,0,0,0,0,3,2,0.55,0.4653788480255106
1,3,1,3,1,2,1,1,0.65,0.7944730456899814
1,3,3,3,1,0,0,1,0.95,0.6757415945583797
2,1,0,4,0,0,1,1,0.15,0.5934949435658101
2,3,3,1,1,0,1,0,1.0,0.7730229148238025
0,5,0,2,1,2,3,0,0.95,0.6440345384041415
1,5,2,2,0,2,2,2,0.7,0.7117410303523857
1,5,3,1,1,1,2,1,0.85,0.7162582054822207
3,1,1,1,0,0,1,1,0.75,0.7048115441825271
1,6,3,2,1,1,3,0,0.5,0.6646057802888631
0,5,0,3,0,0,3,1,0.15,0.5824583690205859
2,5,2,2,0,1,2,0,0.9,0.6443786417013732
1,0,1,1,0,3,1,1,0.45,0.7908970789549422
0,3,2,0,0,1,2,1,0.3,0.6293265944475521
3,0,3,4,1,2,3,0,0.9,0.5936184089532122
3,0,2,3,1,0,2,2,0.1,0.47847965327010306
3,6,2,0,1,1,3,1,0.45,0.6949112127161072
0,6,3,1,0,1,0,0,0.2,0.4626158489909977
1,1,1,1,0,0,1,1,0.9,0.844881612019277
0,2,2,2,0,0,2,2,0.85,0.699990708747784
3,1,1,1,1,3,3,1,0.35,0.5754693329748364
0,1,0,4,0,3,3,1,0.55,0.6554542999828212
0,1,0,3,1,0,3,1,0.8,0.7244784257475883
1,3,2,0,1,2,2,1,1.0,0.8160516236457668
2,4,1,4,1,2,2,0,1.0,0.7333831932201351
3,4,3,2,0,3,2,0,0.7,0.6254212541695084
3,6,3,4,0,0,0,0,0.95,0.5716876141682209
2,2,1,1,0,3,0,1,0.85,0.6842289159244823
2,4,3,3,0,0,1,0,0.9,0.7188775148686585
3,3,0,2,0,0,0,0,0.55,0.5153820257975525
2,3,2,2,0,3,3,0,0.95,0.6802200827543733
3,3,2,4,1,0,3,1,0.3,0.643008875235955
3,3,2,2,0,1,1,2,0.7,0.7041885904771006
0,2,0,2,0,1,3,2,0.2,0.4711188759995043
3,4,1,3,1,0,3,0,0.2,0.4939630559110602
0,3,2,4,1,3,1,1,0.6,0.7954865254939744
3,6,0,3,1,1,3,0,0.5,0.5705002058980666
2,4,3,2,1,3,2,0,0.55,0.6206781759503247
2,0,1,2,0,1,2,1,0.4,0.6401768716937468
3,3,3,0,0,1,0,1,0.55,0.5567778663017133
1,6,3,1,1,1,3,1,0.4,0.571532011714951
0,3,0,2,1,1,1,2,0.35,0.618378878751892
1,3,0,0,1,2,2,0,0.9,0.7311606077779563
2,5,1,1,0,1,2,0,0.9,0.6853036354035841
1,2,3,1,0,3,1,0,1.0,0.8105687417086883
1,1,0,3,1,3,2,1,0.3,0.6523964060243683
3,3,3,2,0,3,3,1,0.8,0.5886693295143184
0,3,0,3,0,3,2,0,0.8,0.6743620323829395
2,2,0,3,0,1,2,0,1.0,0.670739689277136
2,5,3,2,1,2,2,0,0.25,0.470983910056839
1,0,1,2,0,2,3,0,0.5,0.6524845626809329
3,4,3,0,0,2,1,0,0.35,0.5352238884746735
1,4,1,0,0,3,0,1,0.4,0.6503091315055003
3,3,3,0,0,0,0,0,0.3,0.4698047001638587
3,2,2,0,0,0,3,1,0.5,0.6963626143490429
3,6,1,0,1,1,2,2,1.0,0.6117674016743557
1,1,0,2,0,0,3,1,0.9,0.6211786519553819
0,2,1,1,0,1,3,1,0.95,0.8029845376224332
0,0,2,1,0,0,3,0,0.25,0.6119400425136489
1,2,3,3,0,2,1,0,0.5,0.715891747775951
2,0,2,2,0,0,2,1,0.7,0.6721124439310153
0,2,2,1,0,0,0,0,0.7,0.63557563465474
3,2,0,0,0,3,2,0,1.0,0.7584733806805682
3,1,2,0,0,2,3,0,1.0,0.7000729710392873
3,1,0,0,1,0,3,1,0.55,0.6758522194470826
1,6,1,1,0,2,3,1,0.75,0.6406240656859755
2,1,1,2,1,2,2,0,0.5,0.6471075574144176
0,4,1,2,0,0,2,0,0.8,0.708273252747891
0,2,1,2,0,3,1,1,0.9,0.762986762638084
1,3,3,0,1,3,0,1,0.55,0.6656007745212668
1,3,2,2,0,2,3,2,0.75,0.5729134060531951
2,2,0,4,0,2,3,1,0.9,0.6714306519799824
0,1,3,2,1,0,2,0,1.0,0.6874588739325335
3,2,2,0,0,2,1,0,0.55,0.6372896268722403
3,3,2,1,1,1,3,1,0.6,0.7411864177136415
0,6,2,3,0,1,3,1,0.95,0.7418972199724789
0,3,2,1,0,2,1,1,0.4,0.7394993890754241
3,6,3,1,1,2,1,2,0.55,0.5791398634498909
1,1,3,3,0,2,3,0,0.45,0.44567558730332363
3,1,3,1,0,2,3,2,0.8,0.4973655936664405
0,1,0,2,0,2,1,1,0.85,0.7893872392472574
3,1,3,1,1,0,3,0,0.05,0.31007641107082523
2,4,0,0,0,2,2,1,1.0,0.6691497643179671
3,0,3,1,0,3,3,1,0.8,0.6400512511154665
3,0,1,0,0,1,3,1,0.55,0.7153658749691719
2,6,2,2,0,0,2,1,0.1,0.663650450142918
3,6,0,0,1,1,2,1,0.85,0.68411768307135
0,5,3,0,1,3,3,2,0.2,0.4998937032872504
2,0,1,1,0,0,3,1,0.65,0.6982927218832969
2,3,0,1,0,3,1,0,0.8,0.6451315308400591
1,5,1,2,0,0,3,0,0.95,0.7541532839328989
0,4,1,1,0,3,0,1,0.95,0.6896121106490721
0,3,0,2,0,3,2,0,0.45,0.5987220974650933
0,3,3,1,0,3,2,0,0.8,0.7335635906663944
3,1,0,2,1,0,0,1,0.75,0.7069646939015526
1,0,1,3,1,3,2,0,0.5,0.7110029379462098
2,2,3,2,0,3,3,0,0.5,0.4247384268737727
1,1,0,0,1,3,0,1,0.5,0.6771050997093704
2,0,1,4,1,1,2,1,0.35,0.6624059917459213
1,5,0,1,1,0,2,1,1.0,0.729900176396489
0,4,2,0,1,1,1,0,0.35,0.6676591611818212
1,6,1,2,0,0,3,1,0.65,0.714187088658918
1,3,1,2,0,0,2,0,0.65,0.7319589138551943
3,0,0,1,0,1,0,1,0.55,0.5330573657110782
2,5,3,2,0,1,3,1,0.3,0.3979036984174676
2,6,3,1,0,1,0,1,0.35,0.5410177755988576
1,2,0,2,0,0,3,2,0.75,0.5171973811040605
1,6,1,2,1,0,3,1,0.75,0.6541603380225866
2,3,0,1,1,2,3,1,0.55,0.6797651874985562
2,0,0,4,0,3,1,1,0.5,0.6648025220650292
0,5,0,2,0,2,1,1,0.95,0.7870900029623934
1,1,0,1,0,0,0,0,0.6,0.5427146599273058
2,4,2,2,0,1,3,1,0.6,0.6774087167553743
3,1,2,4,0,1,1,1,0.2,0.6382135675576208
3,0,1,1,0,1,1,1,0.5,0.6430688490109422
3,2,3,1,0,0,3,0,0.85,0.49023712767817074
0,3,3,1,0,2,3,1,0.95,0.6460871070640284
0,3,2,3,1,1,3,1,0.65,0.7460873432434292
1,6,1,2,1,3,0,0,0.7,0.7513047511313815
1,0,0,1,0,0,3,1,0.45,0.6739526869107286
2,4,1,0,0,1,3,0,0.85,0.5329053183687155
2,2,2,4,0,2,1,0,1.0,0.7341679039159826
1,0,0,0,0,1,1,0,0.35,0.6924228233071013
1,6,1,0,0,0,0,2,0.3,0.47414309732961185
3,4,1,4,0,1,3,1,0.2,0.5293892048312574
1,5,1,0,1,2,3,1,0.25,0.5914508356823415
1,0,2,1,0,0,3,1,0.25,0.706815481905151
3,0,2,1,1,2,0,1,0.2,0.5785802357957808
2,0,2,0,1,1,3,2,0.15,0.549404896758694
2,6,0,1,0,1,2,0,0.9,0.7198964549809169
1,4,0,2,0,3,3,0,0.35,0.6106681810781529
1,0,2,3,1,1,3,1,0.25,0.7128503406196509
3,2,2,3,0,0,0,2,0.55,0.49623979288506365
1,1,3,4,0,0,3,1,0.25,0.5794226985039556
2,4,3,3,0,1,3,2,0.3,0.4313746963353102
1,6,3,0,1,3,3,0,0.9,0.6241191372545392
3,6,3,3,0,0,2,0,0.15,0.5248146795818873
1,6,1,0,1,0,0,1,0.85,0.6807232286304319
1,2,2,0,1,2,1,1,0.5,0.8654655462967265
3,1,2,4,1,1,3,0,0.35,0.4143173806158742
2,2,2,1,1,2,1,1,0.6,0.7356868976203086
2,6,2,2,0,1,3,0,0.9,0.5550633262195604
1,6,1,4,0,2,3,2,0.8,0.5205909553798422
1,6,2,4,0,3,3,0,0.45,0.5344346993527138
2,5,2,0,1,2,3,1,0.2,0.5637221346916881
2,6,3,3,0,0,0,1,0.95,0.5895174918902585
1,1,1,0,1,1,0,1,0.4,0.7125660701857722
1,2,0,3,0,2,0,0,0.5,0.5807958679795481
3,6,2,2,1,0,2,1,0.45,0.7182751166605094
2,3,2,2,1,3,2,2,0.4,0.6045476446013129
2,6,3,1,1,3,3,0,0.3,0.4983356802351397
2,1,1,1,1,2,0,2,0.75,0.5457741444627788
0,3,1,0,0,2,1,1,0.4,0.6961928680223821
1,4,0,4,0,0,3,1,0.3,0.5012699518184135
0,4,1,0,1,3,3,1,0.1,0.5467641290956847
1,5,3,0,1,1,3,0,0.9,0.6128037947107113
1,4,1,2,1,3,3,1,0.3,0.7478668696035535
1,0,3,3,1,2,1,0,0.65,0.7125001354450783
2,3,1,0,0,3,2,1,0.7,0.7577051175067164
3,5,2,0,0,2,3,1,0.75,0.7391295178358676
0,1,3,2,1,1,2,1,0.3,0.6908411514935868
1,4,2,0,0,3,2,1,0.85,0.7674747038250481
0,4,1,4,0,2,1,0,0.95,0.7097042597041124
0,6,0,1,1,0,2,1,0.1,0.5842511139062024
1,6,0,0,1,2,2,1,0.65,0.6852892703416827
0,6,3,3,1,1,3,0,0.8,0.6368056407466033
0,1,3,1,0,2,0,1,0.9,0.7492641715574292
3,2,1,4,1,2,0,2,0.4,0.4759104522491394
2,4,2,1,1,3,1,1,0.85,0.7904859439700197
3,4,0,1,0,1,3,2,0.9,0.44036051055063946
0,3,1,1,0,1,3,0,0.45,0.6373534632292946
2,4,1,0,1,3,2,0,0.15,0.5819728151346674
3,6,3,2,0,1,3,0,0.25,0.47542662175471284
3,1,3,2,0,3,2,1,0.15,0.4922437342025496
1,2,2,2,1,3,3,1,0.45,0.7642002114114146
1,1,0,4,1,2,1,0,0.25,0.6384910631533153
1,4,2,1,1,0,1,0,0.25,0.6536399480356442
1,6,0,2,1,2,3,1,0.5,0.7130082360344736
3,5,3,4,1,3,1,0,0.15,0.4979157881614969
1,2,0,1,1,0,1,1,0.9,0.8458535370833065
3,4,1,3,0,1,3,2,0.7,0.4198959225251193
2,0,2,2,0,3,2,1,0.15,0.6567621896494236
3,5,0,0,0,3,2,0,0.7,0.5841833111246911
0,6,1,1,0,3,0,1,0.75,0.6472232588731628
0,3,3,1,0,3,2,2,0.6,0.6080825941486377
3,1,0,0,0,1,3,0,0.5,0.5428028244355847
0,6,1,0,1,1,3,0,0.35,0.6386048036206855
3,3,2,1,1,0,0,1,0.35,0.5929449365402857
1,5,1,3,0,3,0,1,0.9,0.6807580959002213
1,2,1,1,1,1,2,1,0.8,0.8272140369326412
2,4,1,1,1,0,0,1,0.3,0.5264441559843571
0,5,0,1,0,1,1,0,1.0,0.6641419829620419
0,6,2,4,0,0,3,2,1.0,0.5192072997167576
1,2,1,1,0,0,0,0,0.75,0.6663938389501138
3,2,0,2,1,1,0,1,0.6,0.726790798717953
3,5,1,1,0,2,3,2,0.9,0.6141066542409922
3,3,2,3,0,2,2,1,0.85,0.7450805720621178
0,0,0,1,0,1,2,1,1.0,0.6980504230042135
1,1,1,0,0,2,3,0,0.85,0.7238069321798778
0,0,3,4,1,3,3,1,0.35,0.6062107945820213
2,6,1,3,0,2,0,1,0.95,0.7157182195803073
0,6,1,2,1,0,1,0,0.15,0.6602273355662944
2,1,2,3,0,2,3,1,0.45,0.4677309826791083
0,5,3,0,1,0,0,0,0.25,0.4823557822369053
0,6,3,3,1,0,2,1,0.5,0.6563265000710463
1,5,3,2,1,0,0,1,0.95,0.7150736321035699
3,6,2,0,0,3,3,1,0.45,0.6641842606090477
2,1,2,2,1,2,0,0,0.2,0.42705135923903204
3,4,0,0,0,3,3,0,0.9,0.48989778448106397
2,3,1,3,1,0,3,0,0.4,0.49692188350076893
1,0,0,0,0,3,2,1,0.9,0.7468544561503654
0,0,1,1,0,3,3,0,0.4,0.5777001844739902
2,4,1,2,1,0,0,2,0.95,0.6734139360571083
1,6,1,2,0,2,3,1,0.8,0.7477977005704757
2,6,3,1,1,0,2,0,0.8,0.6827164150542103
2,3,0,0,1,1,0,1,0.35,0.5912127631547061
3,3,3,1,0,2,1,1,0.5,0.7356001802640953
3,6,3,1,1,2,3,1,0.9,0.7146865397820612
0,0,0,1,0,1,0,2,0.15,0.4223985344595248
2,0,0,4,1,2,2,0,0.1,0.5465233036824618
2,4,3,4,0,0,2,2,0.25,0.4024623912848489
1,2,3,1,1,0,3,1,0.95,0.7722124138947819
1,4,1,3,0,2,1,2,0.45,0.6063476808514828
3,1,1,0,0,0,0,1,0.9,0.6326467600862579
2,6,2,1,0,2,3,1,0.85,0.7248757980396733
3,5,2,2,0,2,3,0,0.1,0.5396599066325893
1,5,3,1,0,2,3,0,0.75,0.6592949191624741
0,3,1,3,0,0,0,1,0.45,0.6306227114602545
3,2,3,2,1,1,3,2,0.55,0.5119282906028446
0,1,0,1,0,3,3,1,1.0,0.753571070744057
3,2,0,0,0,2,0,1,0.75,0.659372770122399
0,0,3,0,1,0,3,0,0.45,0.60273521350596
1,6,0,2,0,2,1,1,1.0,0.7772289408506403
0,3,3,2,1,2,3,0,0.4,0.5548352601826807
2,4,2,2,0,3,0,1,0.4,0.5911728329391077
2,5,1,1,0,2,0,1,1.0,0.667858528250995
1,0,3,3,1,3,3,1,0.35,0.5402769875379542
1,5,0,3,1,1,1,0,0.55,0.7094344369431526
2,6,0,1,0,2,3,2,0.65,0.42359293789996044
3,0,0,1,1,2,0,1,0.4,0.5629582622390231
0,0,3,2,0,0,1,1,1.0,0.6912009818888096
0,5,0,2,1,3,3,1,0.95,0.7271959055883503
0,4,2,2,1,1,3,1,0.45,0.7007984539828599
0,4,0,2,1,1,3,1,0.65,0.6783030366741946
2,6,1,4,1,2,1,1,0.5,0.6751715232351152
3,0,0,0,1,1,2,1,0.55,0.6330027864058805
3,6,3,1,0,2,2,1,1.0,0.6636322543578003
1,0,1,1,1,0,1,0,0.35,0.7133185636514311
3,0,0,0,1,3,0,0,0.25,0.48309548159515564
1,3,2,1,0,3,3,0,0.65,0.7225416954497428
3,2,1,3,1,3,3,0,0.5,0.6550110041082362
3,5,3,0,0,1,0,1,0.2,0.5189261529301422
0,3,0,3,1,3,3,1,0.9,0.6883726635982953
2,2,1,2,1,1,2,2,0.7,0.5810153931464597
3,0,0,1,0,0,2,1,0.45,0.7057972576277067
3,1,2,0,1,0,1,1,0.4,0.7093757829152397
0,3,1,3,1,3,2,1,0.5,0.6894672245493401
0,3,2,1,0,3,3,0,0.2,0.6268839817030578
2,1,2,2,0,0,2,0,1.0,0.6809381998706417
2,1,2,4,0,1,1,0,0.15,0.6007938636895209
2,2,2,4,0,1,2,0,0.45,0.6086300759049031
3,6,3,0,0,0,3,2,0.45,0.39178306334029694
2,0,0,3,1,2,1,0,0.5,0.6639755074415672
2,5,2,1,0,2,2,0,0.7,0.6419906057607379
1,1,1,0,0,1,3,0,0.6,0.7252040566816511
0,4,2,0,1,3,2,1,0.7,0.7325702159979463
2,2,3,2,1,0,1,2,0.5,0.6090463560491604
1,1,2,1,0,2,3,1,0.45,0.7179472924193154
2,4,0,2,1,0,0,1,0.45,0.5384137234443506
1,5,1,3,1,2,1,0,0.5,0.6796057169560221
1,2,3,0,0,3,1,2,0.9,0.7747407396139311
0,2,1,1,0,2,3,0,0.95,0.5770716535201362
0,3,2,3,0,2,0,1,0.6,0.6390960134666469
0,3,0,0,0,1,2,2,0.35,0.5429722681874648
2,6,2,0,0,1,2,0,0.95,0.6670787588322284
3,2,3,1,1,3,2,1,0.7,0.6641351671425503
3,5,3,1,0,2,1,1,0.3,0.5586515124900453
2,1,1,1,1,1,2,1,0.75,0.6751404206282902
2,3,2,1,1,3,3,0,0.95,0.7859743407731069
0,0,3,3,0,0,1,0,0.35,0.606925424281463
2,5,0,1,1,2,2,1,0.75,0.6653315931004466
0,5,1,1,0,1,1,1,0.05,0.6444766263942852
3,6,3,2,1,2,1,0,0.6,0.7053236489473691
1,2,1,1,1,1,0,1,0.95,0.783064788459245
0,4,3,2,1,0,0,0,0.55,0.4694540774008313
2,5,2,1,1,1,1,0,0.95,0.7984551123465471
1,1,2,1,0,3,3,0,0.85,0.6083168151978586
0,1,0,0,1,0,0,1,0.25,0.557439433614386
3,1,0,1,1,3,1,2,0.95,0.5978766855952479
3,5,1,0,1,2,3,1,0.65,0.6946955750942351
2,2,1,3,0,2,0,1,0.35,0.6549120812668628
3,3,0,2,0,0,3,1,0.9,0.7003271313525345
2,2,2,1,1,2,0,1,0.5,0.6714250386774734
2,0,3,4,1,3,3,1,0.25,0.5369122986821236
2,5,0,1,1,1,1,0,0.65,0.6037028224886796
3,6,2,3,1,0,3,2,0.7,0.4677482926659973
3,5,3,1,1,2,3,1,0.35,0.6127511382940243
1,0,1,1,0,1,3,1,0.25,0.6908939101038996
0,4,3,3,1,1,3,0,0.15,0.4417607303709763
0,2,0,0,0,1,0,1,0.2,0.5115375134818463
2,5,2,3,1,2,2,2,0.95,0.6190512649876305
2,3,2,2,1,2,0,1,1.0,0.7338747568107629
3,4,1,0,1,1,0,1,0.3,0.5645890352764824
0,3,2,4,0,0,0,0,0.35,0.4817187851097967
3,3,1,0,0,2,3,1,0.25,0.6887557206897836
2,4,3,1,0,1,3,1,0.15,0.43230290667261295
0,3,0,4,1,3,3,1,1.0,0.7434074014879364
1,3,2,4,1,2,0,0,0.65,0.7076973107427883
2,5,2,2,0,2,0,1,0.7,0.6773739653983147
3,3,0,1,0,0,1,2,0.55,0.5607820562329163
2,2,0,4,1,1,1,1,0.95,0.7554643197876528
3,2,0,1,1,3,2,1,0.65,0.640352357838225
0,1,3,3,0,2,3,1,0.7,0.6307289313168142
0,6,3,1,1,3,3,0,1.0,0.5465889533977346
0,3,2,1,1,2,3,0,0.55,0.6756899871655927
0,5,3,2,0,1,3,1,0.75,0.6983802224547332
2,3,0,3,1,2,3,1,0.6,0.6762720080948633
3,2,2,3,0,1,3,2,1.0,0.5648135835871905
0,4,2,2,1,0,0,2,0.8,0.5378209967389285
2,4,1,0,0,3,0,1,0.2,0.4909988231218629
1,3,0,1,1,0,0,0,0.9,0.7758565182262863
0,6,0,1,1,0,0,1,0.9,0.6998126631737872
0,6,1,4,1,0,3,1,0.7,0.5559981940093632
3,6,1,2,1,0,3,1,0.9,0.7794279652919852
2,3,0,0,0,3,0,0,0.95,0.5834276195043243
1,4,1,1,0,3,0,2,0.75,0.6597518665269496
0,3,0,1,1,2,0,0,0.4,0.6643629005922342
1,2,2,0,0,0,3,0,0.6,0.5865316339377976
2,5,3,0,1,3,1,0,0.2,0.4926255116624541
0,2,0,1,0,3,2,2,0.25,0.5686014275317778
0,0,0,4,0,1,3,2,0.55,0.38375023482872406
1,2,1,2,1,1,1,2,0.75,0.7598785116760892
2,1,0,2,1,3,2,2,0.55,0.611980827170819
0,5,0,4,1,0,0,0,0.1,0.38261607581663154
2,0,2,0,0,3,2,2,0.25,0.6108681180090039
1,4,3,4,0,1,1,1,0.45,0.7254650679740475
2,2,3,1,1,1,0,2,0.45,0.49277278243360545
1,1,0,4,1,2,1,1,0.6,0.779365217217156
2,2,1,2,1,2,0,1,0.6,0.6418939463448414
1,2,1,3,1,1,0,0,0.4,0.5916867391697138
3,5,3,0,1,3,0,1,0.5,0.5878763088077192
0,3,1,0,1,3,0,0,0.95,0.6853843957628329
2,6,0,1,1,3,2,0,0.95,0.6374549210291492
1,3,1,0,0,2,3,1,0.75,0.7677070933140048
0,0,0,1,1,0,3,1,0.6,0.6554925770126866
2,6,1,2,0,1,0,1,0.2,0.5180325364231242
1,3,0,3,1,3,3,0,0.8,0.7575363065684322
0,5,3,0,0,2,2,1,0.85,0.6786648987106924
2,2,1,3,1,0,2,1,0.7,0.7567311204683612
2,1,3,2,0,2,3,1,0.15,0.3979382425021144
1,1,3,1,0,1,3,0,0.55,0.44565117263699666
3,4,1,1,0,2,0,0,0.2,0.4922052426586113
1,6,3,3,1,0,0,2,0.65,0.5410947595564238
0,0,0,1,1,0,2,1,0.25,0.7149195261936232
2,2,3,3,0,1,3,2,0.5,0.34246130080959614
0,4,1,2,1,3,0,1,0.25,0.6297786117169959
0,0,0,2,1,2,2,1,0.95,0.7045243683817737
0,1,0,4,0,0,1,2,0.6,0.6094899763661636
0,3,3,0,0,0,0,0,0.55,0.6262413704950961
1,3,1,2,1,3,0,1,0.45,0.644555894387488
0,5,2,2,1,1,1,1,0.05,0.6231277693033379
1,0,1,2,1,1,3,1,0.9,0.6682940369524067
2,5,2,3,0,3,2,2,0.35,0.5266797864925333
2,1,1,0,0,2,3,1,0.25,0.626227716253107
1,1,0,2,1,2,0,0,0.8,0.661351164625141
0,2,1,3,1,1,3,2,0.3,0.5522585794792648
3,0,2,0,0,1,3,1,0.3,0.5507624991764538
3,1,2,3,0,2,1,2,0.65,0.6426474131285648
2,1,3,2,1,0,3,0,0.05,0.4707239341723133
3,3,0,4,0,1,3,1,0.35,0.44291789273338006
0,5,1,1,0,2,3,1,0.1,0.589205618393051
3,3,3,1,0,3,3,1,0.3,0.5849489512360542
3,6,2,3,0,3,3,1,0.35,0.512446010871513
3,4,2,3,0,0,1,1,0.15,0.6794682440895493
0,1,2,1,0,2,2,0,0.1,0.5181266173857692
3,1,3,2,0,2,0,0,0.65,0.4993226168241839
0,3,3,0,1,3,0,0,0.45,0.5566615025527519
3,0,2,4,0,2,3,1,0.4,0.6181662677679538
3,4,3,3,0,0,1,2,0.65,0.5102981720915212
0,0,0,0,0,1,3,1,0.55,0.5255450083484696
0,2,0,1,0,0,2,1,0.95,0.7166181639084098
2,1,0,1,1,3,3,0,1.0,0.5801840049825697
2,6,1,4,1,1,3,1,0.05,0.5978624055261689
0,0,0,0,1,0,3,0,0.5,0.661075530683848
1,2,0,2,1,3,1,0,0.45,0.6814691841549736
1,6,3,0,1,0,0,2,0.7,0.6781869930307932
3,2,1,1,1,2,3,0,0.9,0.6083198401850537
2,3,1,3,0,0,2,0,0.25,0.5376256280408794
1,5,0,0,1,3,1,1,0.75,0.7841877281242198
3,1,0,0,0,2,3,2,0.25,0.5291536070239675
1,3,3,2,0,1,0,0,0.8,0.6627140597663395
3,4,0,1,1,0,3,0,0.5,0.5630549146111421
3,5,2,4,0,0,1,0,0.35,0.599744541746779
1,3,2,3,0,3,3,2,0.7,0.6768558828477144
0,5,3,2,1,3,3,0,0.9,0.6487781787175557
3,5,3,2,1,0,1,0,0.9,0.6978647643967044
2,6,0,2,1,1,0,2,0.35,0.4321170675661131
3,1,2,3,0,0,2,2,0.35,0.5381484389354749
2,3,0,2,1,2,0,1,0.5,0.5992519413072219
0,3,1,2,1,3,0,1,0.45,0.7512775415339727
0,1,1,4,0,1,0,2,0.6,0.47167621731706233
1,3,3,4,0,2,1,0,0.45,0.655502821570703
3,0,2,3,0,1,0,1,0.6,0.7122098685794849
3,0,0,3,1,0,2,0,0.15,0.48178397890207064
1,5,0,4,1,0,3,2,0.6,0.5487775013905425
0,0,1,3,0,1,3,1,0.05,0.5542931607846046
0,3,2,3,0,0,3,2,0.25,0.5669215470002807
2,0,3,4,1,0,2,0,0.8,0.5973806678461053
0,4,0,4,0,0,3,1,0.9,0.6347201700238798
1,4,3,1,1,0,1,2,0.9,0.7792417132318492
0,3,0,0,1,0,1,0,0.2,0.6677432894156112
1,1,2,1,1,2,0,1,0.45,0.7344668154317909
1,1,1,1,1,0,2,1,0.9,0.7319170023189706
0,1,0,0,0,1,3,2,0.3,0.5171675885701328
3,6,2,1,1,1,0,1,1.0,0.6857766997661237
1,6,0,0,1,2,2,0,0.95,0.794778601768399
0,2,2,0,0,3,1,1,0.95,0.8008586335491081
1,3,0,1,0,0,1,1,0.5,0.7442413787474387
3,1,3,4,0,3,2,0,0.85,0.5583021799372777
1,5,3,4,0,3,1,0,0.75,0.6687916481839746
1,3,3,4,1,0,1,0,0.7,0.6695804520503429
0,6,2,3,1,2,1,0,0.5,0.7053763700631542
1,3,2,2,0,2,0,2,0.5,0.6047744612929794
0,1,2,2,0,1,3,1,0.55,0.7119463540903637
0,3,0,3,1,1,3,0,0.65,0.6557255667346857
1,1,1,3,1,2,3,2,0.3,0.5310424230517965
2,3,3,1,1,0,3,2,0.8,0.46237645128519267
0,6,0,2,0,2,2,0,0.35,0.6257359976737237
3,2,3,0,0,0,0,1,0.4,0.560290108077174
2,0,1,3,1,3,0,0,1.0,0.6138186466995803
0,1,1,4,0,3,1,1,0.95,0.6941521994108685
1,5,1,1,0,2,2,1,0.5,0.7270947368043826
1,1,0,2,0,1,2,2,0.25,0.6041372903215294
2,2,0,2,0,1,2,1,1.0,0.7936138966071005
2,1,3,1,1,3,0,2,0.75,0.5636130824426896
2,5,3,0,0,2,0,2,0.6,0.4709848729421147
2,2,3,2,0,0,3,1,0.65,0.6567064635816807
0,3,3,0,0,3,1,1,1.0,0.760368043724234
2,6,3,1,1,0,3,0,0.8,0.598768099580075
2,5,2,2,0,2,0,1,0.15,0.5555968698978561
2,4,0,3,1,3,2,1,0.9,0.6714968527436991
0,0,3,3,0,2,3,2,0.9,0.4491935800444267
2,4,2,1,0,1,0,0,0.35,0.5214314844597115
1,0,1,1,0,2,0,0,1.0,0.6708913382422048
3,6,0,2,0,1,3,0,0.95,0.6504844968454554
0,1,2,4,1,3,1,0,0.55,0.7420185915808378
0,0,0,2,1,0,1,1,0.1,0.6765168670059053
1,1,0,4,0,3,2,0,0.6,0.5963993024799433
3,0,3,1,0,2,0,1,0.35,0.5556901906642073
2,4,0,1,0,3,0,0,0.8,0.5510339809803672
3,1,1,4,0,1,3,0,0.4,0.3895152236462922
0,6,2,1,1,2,3,0,0.85,0.5901094647786492
2,0,0,0,0,3,3,0,1.0,0.6564238329782294
3,6,0,2,0,0,1,0,0.45,0.668175754598122
2,1,3,1,1,3,0,1,0.8,0.5815887622286132
1,5,2,1,0,1,3,0,1.0,0.760367422453499
1,0,1,4,0,2,0,1,0.45,0.5756996274516952
2,6,2,0,1,1,3,2,0.25,0.4181110247873629
0,4,2,1,1,3,3,1,0.5,0.6569721686052926
3,1,1,0,1,0,3,2,0.25,0.46377150774233944
1,6,3,0,1,2,3,2,0.7,0.5817402606780221
3,5,1,2,0,3,3,1,0.1,0.4239211783550463
3,2,0,1,0,2,2,0,0.75,0.6313911153522731
2,1,2,0,1,2,3,0,0.1,0.5946027521158729
1,0,3,2,0,3,0,1,0.5,0.5823688157749353
0,2,3,1,1,0,3,2,0.9,0.6327938015347689
2,2,3,1,1,3,1,1,0.35,0.713870775690158
1,1,0,0,0,3,0,2,0.6,0.5523048411510131
1,5,0,1,1,1,3,0,0.6,0.5641888982864659
2,6,0,0,1,0,3,2,1.0,0.5098038286102586
1,3,0,0,0,1,2,0,0.45,0.7268179421712464
0,3,2,0,0,0,0,2,0.8,0.6732168920596154
1,5,3,4,1,1,1,1,0.4,0.596709454174875
1,3,2,2,0,3,2,0,0.85,0.7964974069582902
1,4,3,0,1,3,0,1,0.7,0.655861266573899
2,2,0,2,0,1,1,0,0.3,0.5847626523453877
0,0,0,1,1,3,2,1,0.75,0.7047138347058082
2,0,1,0,0,0,1,1,0.95,0.7432056352670274
3,0,1,4,0,0,1,0,0.05,0.528125816355426
0,5,2,0,1,1,3,1,0.95,0.7767165276941148
2,4,2,0,0,1,2,1,0.35,0.6263007688656846
2,3,0,0,0,1,3,1,0.85,0.7593276875266772
1,3,3,2,1,2,2,1,0.95,0.7559834557760311
2,4,0,2,0,1,3,2,0.05,0.4609849625324181
2,1,0,1,1,2,0,1,0.3,0.5232606839788593
0,1,0,0,1,0,3,2,0.2,0.5436239000262293
2,4,2,0,1,3,3,0,0.2,0.5592053869140988
0,0,2,1,1,3,2,1,0.2,0.5917357397816625
2,4,3,1,0,3,2,0,0.35,0.5523782655931923
3,5,3,1,1,0,3,1,0.7,0.5587686274490519
0,6,2,1,0,3,3,1,0.1,0.4631764865558738
0,0,0,2,1,1,2,1,0.95,0.684318786479786
1,4,1,3,1,1,2,2,0.95,0.725181623878392
2,1,1,2,0,2,2,2,0.65,0.6383453401633089
1,6,0,0,0,2,1,1,0.4,0.7220157313986278
0,5,0,1,0,3,3,1,0.3,0.629386055165817
3,6,3,2,1,0,3,1,0.1,0.5467963796297574
3,5,3,4,1,2,2,0,0.25,0.5418103663218409
0,0,3,2,0,0,3,1,0.55,0.47938914554378315
0,4,0,0,1,2,2,1,0.95,0.6959170522251529
1,2,3,2,0,0,0,0,0.4,0.45204633722708515
0,6,3,2,1,3,3,1,0.55,0.5269386888868571
2,5,1,3,1,2,3,0,0.7,0.6560418099639465
2,5,0,3,1,2,1,2,1.0,0.6639364948737939
3,1,2,0,0,2,3,1,0.85,0.6206983443340386
3,3,2,1,1,3,2,2,0.65,0.6735262544716905
1,3,3,1,0,2,3,1,0.4,0.5830618719080511
1,2,0,0,1,2,1,1,0.9,0.8083586795363304
1,2,0,0,0,0,2,1,0.85,0.7681880375574496
3,3,0,1,0,1,1,2,0.4,0.6033813375966177
1,0,3,3,0,0,1,0,0.65,0.6522742828690347
2,3,3,2,1,0,3,2,0.3,0.3204829198848038
0,1,1,3,1,2,2,1,1.0,0.7941163372324004
3,0,0,2,0,2,3,1,0.8,0.6682223388161805
2,3,0,1,1,2,0,1,0.85,0.6868857421787352
3,6,3,3,1,3,1,2,0.35,0.5880712579278446
2,1,1,2,0,2,3,1,1.0,0.6418926512416285
1,5,3,2,1,3,0,1,0.25,0.7249137633352086
3,4,0,2,0,0,3,1,0.75,0.5035226750344114
1,6,2,0,0,3,3,0,0.25,0.5313456297683634
1,4,1,1,0,3,1,0,0.6,0.7504389344168328
2,6,0,0,1,3,0,0,0.15,0.4590370685919989
0,6,3,1,1,1,0,1,0.05,0.5153412057067875
3,4,3,1,1,1,1,0,0.9,0.648749548373816
3,4,0,1,1,2,0,0,0.05,0.558836457476562
2,2,1,3,1,3,0,0,0.45,0.5627449177379882
2,2,3,0,1,0,3,1,0.45,0.6282043661436596
3,3,2,2,0,2,3,1,1.0,0.6307883491210272
2,1,0,0,0,0,0,0,0.95,0.6332081334899433
2,1,1,3,1,1,3,0,0.65,0.4939334167247783
3,0,3,3,0,2,2,0,0.85,0.6114176229061472
1,3,2,4,1,3,0,1,0.5,0.7721511274193822
0,5,0,1,0,3,0,1,0.2,0.47385116436550434
2,5,3,3,0,1,0,0,0.15,0.39813852736500827
0,2,3,0,0,2,3,0,0.8,0.5410496973398373
2,3,0,1,0,0,2,0,0.6,0.6022001159733533
3,0,0,1,1,3,0,0,0.9,0.5673621390186354
1,2,1,3,0,3,1,0,0.4,0.7369003095305438
3,2,1,1,0,2,2,0,0.45,0.6771573896083902
0,1,1,0,0,3,3,1,0.7,0.6982208280484884
3,2,3,3,1,1,3,0,0.9,0.6384825016546684
1,5,0,4,1,0,2,2,0.7,0.5780418959213524
0,2,1,4,0,3,3,1,0.85,0.6823190303296393
0,4,1,1,0,0,2,0,0.15,0.5353518276032885
2,2,3,2,0,0,0,0,0.65,0.5981974532240111
1,4,1,3,1,0,0,1,0.35,0.6459651486497425
2,0,0,0,0,0,3,1,0.35,0.43316003824470795
2,5,3,0,1,0,3,0,0.25,0.5404256674617094
0,2,1,2,0,3,2,0,0.6,0.7111785018646278
2,3,2,1,0,0,2,1,0.3,0.6477423842527743
1,5,2,1,1,3,0,2,1.0,0.6819923123884252
3,4,2,1,0,1,0,1,0.8,0.621246261727012
0,2,0,3,0,0,1,0,1.0,0.7318912795358433
1,3,1,3,1,2,3,1,0.95,0.8234339303603229
3,2,2,0,0,3,2,0,0.3,0.7031289545694477
1,3,3,1,1,0,3,0,0.75,0.7066845539429494
2,1,0,2,0,3,0,2,0.9,0.5468080535158611
3,6,3,0,1,2,2,1,0.8,0.6591604488491037
2,2,2,1,1,0,0,1,0.75,0.7110812671078837
0,4,1,2,0,2,0,1,0.35,0.5769740343986663
1,5,2,2,0,1,1,1,0.55,0.7049712288115578
2,0,1,1,0,3,3,1,0.2,0.5866423243194282
1,0,1,2,0,1,2,0,0.35,0.6851324118060825
0,0,1,1,0,3,2,0,0.6,0.686174458335296
0,5,2,2,1,3,0,0,0.85,0.7541678270036408
2,4,1,2,1,3,3,1,0.65,0.5912668231306206
1,0,0,1,1,1,1,0,0.75,0.7759156822305338
0,0,3,1,0,2,3,0,1.0,0.5325880135236855
2,4,0,2,1,2,3,1,0.2,0.6150185481058814
0,1,0,0,1,2,1,1,0.55,0.7073312689873457
3,0,2,4,1,1,3,1,0.95,0.7209228115806631
1,1,1,1,1,3,3,2,1.0,0.6060392699096834
1,0,3,0,1,3,2,0,0.55,0.7197345540266483
3,6,2,0,0,1,3,1,0.2,0.6714304542169994
0,0,1,4,0,3,1,2,0.35,0.5678857231677262
3,0,3,2,0,3,1,1,0.9,0.6881901013811313
3,3,1,3,1,0,3,0,0.65,0.5279243534341936
3,5,1,1,0,2,3,1,0.45,0.6769082865836658
3,1,1,2,1,2,1,0,0.3,0.637107608190895
3,4,0,1,0,3,3,1,0.05,0.4344406598112411
3,1,3,2,0,1,3,2,0.9,0.410019467109668
2,5,1,1,0,0,3,2,0.65,0.5509589164018347
2,3,1,2,0,2,2,1,0.25,0.5951613172324848
2,0,1,1,1,2,0,1,0.3,0.5332068326124368
0,4,1,1,1,3,3,1,0.1,0.5100551592099084
0,4,2,3,1,3,2,0,0.95,0.7679339411877449
0,1,0,3,1,2,1,1,0.3,0.6535955463609445
1,1,3,2,0,0,3,0,0.8,0.680442036204865
3,1,1,1,1,0,2,1,0.75,0.6547346306182495
1,2,2,3,1,2,1,2,0.65,0.7876650271985715
0,6,2,2,0,0,2,0,0.2,0.6502021091955367
2,4,3,1,1,3,3,0,0.1,0.36393750238075373
1,0,2,4,0,1,1,1,0.8,0.8284207803733117
2,5,2,2,0,1,3,2,0.5,0.5817388923294426
2,6,0,4,0,0,2,0,0.2,0.46392522750064863
2,5,1,1,1,1,2,2,0.65,0.5611899601589067
0,5,3,2,1,0,3,0,0.7,0.6115078981762023
3,4,1,1,1,2,3,2,0.9,0.5793642574465718
3,2,0,2,0,2,3,1,0.95,0.5637378978754466
3,4,1,3,0,0,2,2,0.3,0.5481772812043734
1,4,0,2,1,1,1,1,0.6,0.8057696502242587
0,5,1,0,1,2,3,1,0.25,0.6599279941282529
1,5,2,0,1,3,3,1,0.85,0.70545599725602
0,1,0,0,0,3,2,0,0.55,0.5439954886377381
3,6,0,2,0,0,2,1,0.3,0.5316577315033645
2,2,2,3,0,2,2,0,0.55,0.6791687467868708
3,4,3,0,0,3,0,1,0.85,0.5984621506544966
3,4,2,0,1,2,3,0,1.0,0.657366648757041
2,1,2,1,1,3,3,1,0.9,0.6543689079086747
0,5,1,0,0,1,3,0,0.85,0.7033517723158005
2,6,1,4,1,0,0,1,0.65,0.532722761334815
3,4,1,1,1,0,2,0,0.45,0.6552274921003209
0,4,1,2,0,2,2,0,0.5,0.6729402049842085
3,0,0,1,1,0,0,2,0.4,0.3786758419624204
3,1,2,3,1,0,0,0,0.95,0.6977296797811218
2,3,0,1,1,2,2,0,0.8,0.6076051340972864
2,0,1,3,0,1,3,0,0.7,0.4640764130718076
1,3,3,0,1,3,0,0,0.55,0.5798408801452941
2,0,2,2,0,3,1,1,0.6,0.7429466879154244
3,3,1,3,0,1,3,0,0.9,0.6791683252866858
1,3,2,1,0,0,0,2,0.45,0.7072445187773428
3,0,1,3,1,2,3,1,0.8,0.7058737695878139
3,3,3,1,0,3,1,2,0.3,0.4792126823272876
2,6,3,2,0,2,0,2,0.5,0.4311181141846305
3,0,0,2,1,1,0,2,0.05,0.39382312892225607
0,2,2,2,1,3,0,1,0.7,0.7200141857751062
2,6,2,3,0,1,0,0,0.25,0.42653153614655664
2,4,2,0,1,0,3,1,0.05,0.539077684212827
1,4,2,3,0,3,2,1,0.9,0.7895956823738476
3,2,0,1,1,3,3,0,1.0,0.6709269283476865
0,4,2,3,1,1,3,0,0.55,0.6468348954019835
2,0,2,0,0,2,1,0,0.05,0.5223273371445792
2,3,0,3,1,1,3,1,0.6,0.550424103599384
1,0,1,4,1,1,0,0,0.85,0.635486005992601
0,2,1,2,0,0,0,2,0.5,0.5279956812752629
3,2,3,2,1,0,3,1,0.85,0.6995940083163334
1,4,0,1,0,2,1,1,0.85,0.8398930154152928
2,1,2,4,0,2,3,1,0.5,0.6134514752323779
1,3,2,1,1,2,2,2,0.8,0.6821215168755439
0,0,2,0,1,0,2,2,0.3,0.5383171120009775
1,2,0,4,0,0,2,1,0.9,0.655653735554529
3,2,1,4,1,2,1,1,0.95,0.8311910582231157
0,6,2,4,1,1,3,0,0.4,0.6074341981561706
1,6,1,2,0,2,3,1,0.95,0.7617102178473764
1,2,2,3,0,3,3,2,0.45,0.6410776870016591
2,0,2,0,0,2,1,0,0.95,0.7369259195502758
0,6,2,1,0,0,0,1,0.8,0.6911214457381639
2,1,0,1,0,2,2,0,0.2,0.5630325228132186
2,0,3,0,1,3,3,2,0.35,0.4682639680489352
3,6,0,3,0,2,1,2,0.25,0.5601025680629705
2,5,0,2,1,1,3,2,0.85,0.48462066442580476
3,6,0,2,0,3,1,1,1.0,0.7171540394797438
1,3,2,4,1,3,2,0,0.4,0.655223055575702
2,4,1,0,1,3,1,1,0.75,0.7278143852450352
1,2,3,4,0,3,1,0,0.65,0.5727073344310593
0,6,1,1,0,0,3,2,0.5,0.5549810240495874
2,4,1,0,1,2,0,0,0.5,0.534776656258077
2,5,1,4,0,2,3,1,0.2,0.4771328601834457
1,5,0,1,1,1,3,1,0.9,0.7824511740539902
3,1,2,1,1,0,3,1,0.8,0.7739901602777
3,2,1,2,0,3,3,0,0.6,0.6393807572871691
1,2,1,1,1,2,3,1,0.9,0.7288857560931534
0,5,0,2,0,0,3,0,0.5,0.4745464126160502
1,5,1,2,1,0,3,0,0.3,0.619800333879466
0,3,1,4,0,0,3,1,0.3,0.5119618100950151
2,4,1,1,1,1,2,1,0.65,0.6913805675072233
2,2,3,0,1,1,3,0,0.2,0.5379399674897901
1,2,0,1,0,2,3,1,0.65,0.7264679765724504
2,1,2,2,1,1,0,2,0.45,0.49215571453172463
3,4,1,4,0,0,1,2,0.3,0.567410707028273
1,3,0,2,1,2,3,0,0.6,0.5906724342105508
3,1,3,3,1,0,0,0,0.55,0.5176872147121535
2,6,2,1,0,0,1,1,0.15,0.6159048654073578
1,0,1,2,1,0,3,1,0.3,0.7060612769963766
0,1,1,1,1,2,1,2,0.8,0.7465675019565585
0,1,2,2,1,2,2,1,0.5,0.7046291773618278
1,4,0,2,0,1,1,0,0.4,0.6782300142672075
0,2,3,3,0,1,0,1,0.5,0.5651258013988509
0,5,1,3,1,2,2,0,0.3,0.6341828199645162
0,4,0,0,0,2,1,1,0.05,0.6018164063515258
3,5,0,4,0,3,0,1,0.4,0.5749762951172855
0,4,3,1,0,0,3,1,0.65,0.6830303496395078
0,1,3,4,1,2,3,0,0.85,0.45051419398830606
3,2,3,4,1,1,0,0,0.7,0.4717323963774039
0,5,1,0,0,1,3,0,0.45,0.6117057419594079
0,3,3,4,1,3,2,1,0.8,0.6577629482116695
0,0,2,3,1,3,3,2,1.0,0.5598012848751736
0,3,2,3,0,1,3,0,0.35,0.5965090362934057
3,0,3,1,0,3,2,1,0.25,0.6149558458243308
1,4,2,2,0,1,3,0,0.65,0.684979379966089
0,3,0,2,1,0,2,2,0.4,0.6396573865674625
2,0,2,0,0,0,2,0,0.05,0.5000635715372691
0,1,3,2,0,0,3,2,0.25,0.44289849451461283
2,5,3,3,1,1,0,1,0.5,0.5377654285015351
0,3,2,1,1,2,0,2,0.85,0.6753862536561901
1,1,0,2,1,3,1,1,0.8,0.7814543125528677
3,3,0,1,0,3,2,0,0.65,0.6874620351583787
3,6,3,2,1,0,3,0,0.4,0.48661007782998844
3,4,1,1,0,1,1,1,0.1,0.6717370927958148
2,6,3,3,1,1,2,1,0.55,0.6834423309344626
2,1,0,4,1,3,1,0,0.7,0.6596609116260047
3,6,1,1,0,3,3,1,0.25,0.5131347542668272
2,6,2,1,1,3,3,0,0.85,0.6755728387128254
0,6,3,3,1,0,2,2,0.55,0.572331196877404
0,2,2,2,1,0,0,0,0.25,0.5875892504726441
2,5,3,1,1,2,3,1,0.15,0.5782294592818918
2,1,1,0,1,2,1,1,0.65,0.6625958812201308
2,0,2,0,1,1,3,2,0.25,0.4193217254054188
2,4,0,1,1,0,2,0,0.6,0.6306897857169096
2,4,2,2,0,2,3,0,0.15,0.45076933386583445
3,0,2,1,1,0,1,1,0.9,0.7697392097068745
3,6,1,2,0,2,3,1,0.6,0.6154113092497693
0,4,1,2,1,1,1,0,0.6,0.7451991072824332
2,6,2,1,1,2,3,0,0.4,0.45918553396152223
0,6,2,3,1,3,2,0,0.75,0.7192459568867984
3,1,1,1,1,3,0,0,0.75,0.5501559239297177
3,5,3,2,0,0,0,1,0.5,0.5137035083143533
1,4,1,3,0,0,3,1,0.8,0.6321014001625
3,3,3,2,0,0,2,1,0.6,0.6174246434194703
0,5,1,1,1,0,2,1,0.35,0.6694276513395447
2,5,3,1,0,0,0,0,0.3,0.5089509277498626
1,1,0,0,1,2,0,1,0.75,0.6979491392276201
3,5,0,1,1,1,1,1,0.5,0.7344091018422827
3,2,1,1,0,3,3,0,0.55,0.6050259667270039
3,6,0,0,0,0,3,0,0.8,0.6474837866447826
1,4,1,1,0,1,0,1,0.4,0.6076205328816434
1,2,0,0,0,3,0,2,1.0,0.6130884773879285
2,4,1,2,1,0,0,0,0.95,0.6236765869566958
2,3,3,0,0,1,1,1,0.95,0.7155309276067646
1,1,3,2,0,0,1,1,0.9,0.788008240579665
3,1,2,0,1,1,1,0,0.4,0.6443738483185298
0,3,1,0,1,0,0,0,1.0,0.6905633285531393
0,0,1,0,0,3,3,0,0.45,0.4674001332850746
2,4,0,3,0,3,2,1,0.95,0.7157078151912246
0,1,3,1,1,2,3,2,0.3,0.4255405857624889
3,6,0,0,0,1,2,1,0.9,0.7810631943569493
2,6,0,1,1,0,0,1,0.4,0.5648794345115908
0,1,1,1,1,2,3,2,0.45,0.6088523540322948
0,6,2,4,1,3,3,0,0.95,0.5795006409866345
2,1,2,1,1,0,2,0,0.65,0.6440196342858485
2,5,2,2,1,3,3,1,0.3,0.6767678802648882
3,1,1,4,0,0,3,1,1.0,0.6917350108943054
0,3,2,2,1,3,3,1,1.0,0.7453888210128666
1,1,1,2,0,1,2,1,0.75,0.7885711305625209
0,2,1,0,0,3,3,0,0.85,0.704824804408516
0,6,1,4,1,0,0,0,0.8,0.5550493766163611
1,5,0,3,0,3,3,0,0.25,0.6027996616701884
1,1,1,0,1,2,0,1,1.0,0.7443547509498082
3,1,1,0,1,0,2,2,0.75,0.5518996821501698
2,6,2,2,1,2,1,0,0.2,0.5394690473708975
2,0,1,0,1,1,2,0,0.2,0.6296707026155826
0,4,0,0,0,3,2,0,0.9,0.5748160269540372
1,4,1,0,0,1,3,0,0.95,0.7173407460614802
2,5,3,0,1,3,3,1,0.9,0.7076209806462581
0,0,0,3,1,0,0,0,0.45,0.5561306737802643
3,5,3,1,0,1,0,0,0.3,0.5662413973594361
3,1,3,3,0,0,2,2,0.95,0.5393745603504841
0,6,0,3,0,1,3,0,0.05,0.4634455948819048
1,6,0,1,1,1,0,1,0.85,0.7367283232003904
3,1,2,3,0,0,2,0,0.7,0.6651654715825369
1,6,0,1,0,1,1,2,0.6,0.6445674927570433
0,0,0,3,1,1,1,1,0.2,0.6314189181624016
2,6,3,2,0,1,0,0,0.05,0.33970981346093554
0,0,2,3,1,3,3,2,0.25,0.4085767270939922
3,0,0,2,1,0,0,1,0.35,0.6634532129685016
0,2,2,4,1,0,1,1,0.4,0.7653309828246357
3,6,3,2,1,1,3,1,0.55,0.6598506999121704
0,5,1,1,1,1,0,1,0.7,0.6345892636888587
1,1,2,2,0,2,0,1,0.8,0.8397536750107425
0,6,3,4,0,2,2,2,0.15,0.4661032379561536
1,0,2,0,1,2,3,0,0.25,0.6742882296242199
0,6,1,1,0,2,0,0,0.2,0.5539923217740369
3,1,0,0,0,1,3,0,0.8,0.44324846300912585
3,6,2,2,0,2,1,1,0.35,0.7539249455626953
2,1,0,2,0,1,0,0,0.65,0.49470206365610886
2,4,3,0,0,2,1,1,0.1,0.6302916500585801
2,6,2,2,0,2,3,1,0.1,0.6372875616715389
1,3,1,0,1,3,3,0,0.9,0.7845593377163161
2,5,3,4,0,2,3,1,0.8,0.5620436590218064
2,0,2,3,0,1,1,1,0.65,0.6854572261792993
0,2,3,4,1,1,3,1,0.55,0.6293351013646955
1,5,2,2,0,1,2,0,0.3,0.6197426102321073
1,2,2,1,0,1,2,2,0.9,0.6839738818004719
1,4,1,2,0,3,1,0,0.8,0.7806538450005023
3,4,1,1,1,3,2,1,0.15,0.6763591551026094
1,1,0,1,1,2,1,1,0.8,0.7599186260831384
1,4,3,2,0,3,3,0,0.6,0.4765690806250805
3,2,1,3,1,0,1,1,0.5,0.7632198881213459
3,0,2,0,1,0,0,1,0.35,0.6016144280801319
0,2,0,0,1,1,3,1,0.7,0.7472419528382445
0,4,3,1,0,0,3,0,0.7,0.49615193820861225
0,5,3,0,1,2,2,0,0.7,0.5720127740260951
2,4,1,1,1,0,1,1,0.7,0.7012306752627638
0,4,2,4,0,2,2,0,0.3,0.6581254418527662
2,0,0,2,1,1,2,1,0.3,0.7106440274764733
3,6,2,1,1,0,3,1,0.8,0.711612006757468
3,3,0,1,0,1,0,0,0.75,0.6709818378447061
2,6,1,0,1,1,3,1,0.35,0.5357070201614058
0,1,3,1,1,1,3,1,0.05,0.47058188491032177
3,0,0,2,1,0,3,0,0.3,0.5185922955891166
0,5,2,0,1,3,1,0,0.75,0.7609201331135829
0,1,1,4,0,1,3,1,0.15,0.42721567525514187
1,6,3,1,0,3,0,1,0.5,0.6268682538309457
2,1,2,1,1,2,0,0,0.65,0.5658579995893988
1,5,3,0,1,2,3,1,0.8,0.7605909094555666
1,4,3,0,0,0,1,1,0.7,0.7009453379643076
2,5,1,1,1,3,1,0,0.85,0.7889546988300546
1,0,3,4,1,0,3,1,0.75,0.6638359264676816
2,0,3,1,1,3,1,0,0.7,0.5984315873082976
2,1,2,0,0,0,0,1,0.65,0.6258853629180453
2,1,2,4,1,2,2,0,0.8,0.6959653784975426
2,4,0,0,0,2,3,1,0.7,0.6962812396594934
1,6,3,1,0,2,1,1,0.95,0.7355047728751319
0,3,0,0,0,1,0,1,0.8,0.6216901333247826
0,3,0,0,1,3,1,0,0.4,0.6637329006091968
2,3,2,1,1,0,0,2,0.9,0.6682826420355102
3,6,0,4,0,1,0,2,0.15,0.3664584688580971
3,2,0,1,0,0,3,1,0.7,0.657100636083961
1,2,0,1,0,2,2,1,0.85,0.7414624161893708
2,0,1,1,1,1,3,1,0.25,0.5359675098976554
3,0,2,0,1,1,1,1,0.5,0.734464807568286
2,2,2,2,1,0,0,0,0.65,0.7104377546067332
3,2,1,3,1,0,3,0,0.7,0.5429337738891372
0,3,1,1,0,2,3,0,0.45,0.617693748997518
2,1,2,2,1,3,3,0,0.25,0.5725429782783513
2,6,0,2,0,0,2,1,0.75,0.6406092888663824
3,5,3,0,1,0,1,1,0.75,0.732011084160793
3,6,1,1,0,0,3,1,0.7,0.7066864109259718
3,4,3,0,0,2,0,0,0.55,0.4755017504794
3,0,0,3,0,1,2,0,0.85,0.6292221804899502
1,3,1,1,0,0,3,0,0.95,0.6116725776909913
0,2,2,0,0,0,2,2,0.3,0.5598854110994774
1,2,1,0,1,2,3,0,1.0,0.7821935427801114
2,3,0,0,0,2,3,1,0.45,0.6405643736679133
3,0,2,4,0,2,3,0,0.65,0.5821978390788676
3,5,2,3,1,1,1,0,0.2,0.6541041243311857
1,1,1,0,0,0,0,0,0.7,0.7176813184637102
3,6,0,3,1,2,2,0,0.05,0.5390796428637011
1,5,1,0,1,2,3,1,0.65,0.6548242658023581
0,5,0,1,0,3,1,1,0.9,0.8006749203238656
0,5,3,0,1,3,3,0,1.0,0.5824742538114539
1,1,3,4,1,3,2,1,0.6,0.6179193272079928
3,5,3,1,1,3,2,1,0.55,0.6137720563002288
3,5,1,0,0,3,3,1,0.95,0.7672132827049634
1,2,2,1,0,2,0,0,0.5,0.6410353414039686
3,6,3,2,1,3,0,1,0.45,0.502826150060418
1,1,0,1,0,1,2,1,0.75,0.694810048184104
0,4,1,4,0,0,2,2,0.95,0.5691146653746888
3,4,1,0,1,2,3,2,0.7,0.4909342532199784
1,6,3,4,1,2,0,2,0.45,0.4513134813645724
1,5,1,2,0,0,3,1,0.65,0.7380493505568945
3,1,1,1,1,0,3,1,0.05,0.6387312905637824
2,0,3,2,0,2,3,1,0.5,0.4866029893570526
3,5,3,4,1,2,3,2,0.75,0.5372737583693797
2,2,1,3,1,0,0,1,0.6,0.7003173271763918
3,2,1,0,1,2,0,1,0.9,0.7265882575806095
2,6,0,0,1,1,3,2,0.6,0.45909377231558424
3,1,0,2,0,2,2,0,0.65,0.6167167004890357
2,5,0,2,0,1,0,0,0.65,0.6247921407231013
1,6,0,0,0,0,1,1,0.9,0.7616705412371186
0,2,0,4,1,3,2,0,0.4,0.607949636465826
0,4,3,1,1,2,3,0,0.1,0.35555762704199123
3,2,2,1,1,3,0,2,0.3,0.48623246804636394
0,3,1,0,1,1,3,0,0.5,0.6644948154155069
3,3,0,3,1,0,3,1,0.45,0.5123528086601542
1,0,0,2,0,0,3,1,0.6,0.7187928154714108
3,0,2,4,1,0,1,1,0.1,0.540134686523106
1,0,2,3,0,1,2,0,0.6,0.7154508097583934
3,3,0,0,1,0,3,2,0.65,0.6631561817758893
2,6,2,1,1,3,0,2,0.8,0.5474406096654509
0,4,0,2,1,3,0,2,0.8,0.5951249574340882
3,6,3,2,0,2,3,1,0.7,0.5811791479535171
1,3,1,2,1,2,0,1,0.9,0.7550589287201882
1,2,2,2,1,0,2,0,0.75,0.7369745386383074
2,0,1,3,0,2,2,1,0.75,0.7321469794258626
0,1,3,3,0,2,1,0,0.1,0.5137365417003211
1,4,3,1,1,1,1,0,0.65,0.7426036429121028
0,6,2,1,0,2,2,0,1.0,0.7205878804881954
0,2,0,4,1,3,2,0,0.55,0.6049509685612064
1,1,3,0,1,1,0,0,0.35,0.5576256770785086
2,3,1,4,0,0,1,0,0.4,0.6345076025214008
3,6,0,4,0,1,1,1,0.35,0.6527888556838962
2,3,1,0,0,0,2,1,0.95,0.7546013275906533
1,3,3,0,1,3,2,0,1.0,0.7784126802990916
3,5,3,1,1,2,1,1,0.55,0.6754880389521036
0,1,1,2,0,3,2,0,0.15,0.5921780299240811
3,3,1,3,0,2,3,2,0.45,0.5346885084835876
0,2,3,1,0,3,3,1,0.2,0.6028539016697527
3,1,2,1,1,1,0,0,1.0,0.6599837460322261
1,0,0,1,0,0,0,1,0.45,0.6199975280874392
2,4,1,4,1,0,2,0,0.1,0.5136218228811942
0,5,1,1,1,0,3,1,0.75,0.7564742585947473
1,1,0,0,1,3,1,0,0.5,0.6770642504033967
3,3,2,0,0,0,3,0,0.2,0.5202231871524872
2,5,1,1,1,2,0,1,0.3,0.5724896039782428
2,3,1,1,1,1,3,2,0.35,0.5516006450402058
1,3,1,1,1,1,2,1,0.8,0.772834333351697
2,1,1,2,1,1,3,0,0.65,0.6343402978883131
2,3,0,1,1,3,1,0,0.45,0.6961870532681946
1,0,2,0,1,1,2,0,0.75,0.8103173992736703
1,1,0,4,1,0,0,0,0.75,0.5811129999724428
2,1,3,0,0,3,3,2,0.75,0.5292917419581549
2,3,3,0,0,0,0,1,0.95,0.6161340209023781
1,3,1,2,1,2,2,0,0.6,0.727570202392138
1,2,2,3,0,2,3,1,0.75,0.64882735165384
1,2,1,2,1,3,1,1,0.65,0.7789075129862213
1,2,3,3,0,1,2,0,0.5,0.7017985891791841
3,1,2,2,1,1,1,1,0.65,0.7194634442144678
1,3,0,2,1,3,0,0,0.5,0.5710333960713926
3,1,1,3,0,1,3,2,0.8,0.42894513415151886
0,2,0,2,1,0,0,0,0.35,0.5373062989291314
3,4,3,2,1,2,1,0,0.45,0.6508346127988514
0,1,2,2,0,1,3,0,0.55,0.6016941488936776
0,1,3,2,1,0,1,0,0.65,0.7132916450797799
0,3,3,0,1,1,2,1,0.9,0.6951686893056889
2,4,3,2,0,3,0,1,0.5,0.5066060428702461
0,5,1,1,1,2,2,1,0.2,0.6916539002686293
3,3,2,0,0,1,3,0,0.25,0.6161285353996522
1,3,1,1,1,3,3,2,0.95,0.7523397438618541
2,5,1,0,0,2,1,2,0.05,0.516639136662579
2,3,3,0,0,3,0,1,0.65,0.6058052529470332
2,4,3,1,1,3,3,1,0.2,0.40342026873462394
2,0,3,0,0,0,2,0,0.6,0.6415502638764848
2,1,1,2,0,1,3,0,0.45,0.5414371871509996
1,0,2,3,0,1,3,1,0.35,0.698015248848163
2,5,2,4,0,0,3,1,0.15,0.5831665952880584
0,5,2,1,1,2,3,0,1.0,0.7476815163174197
2,5,2,1,0,3,2,1,0.65,0.7386895445254268
2,3,0,0,1,1,3,1,0.75,0.7328199307050199
2,0,3,2,1,2,3,1,0.95,0.7021167473715887
2,6,2,4,0,0,3,0,0.95,0.5929106706508275
0,5,3,3,0,3,1,1,0.15,0.6508336373522688
0,4,0,1,1,1,3,1,0.35,0.6888185434982914
3,3,2,0,1,1,2,2,0.9,0.6495806177306912
3,1,0,0,0,3,3,1,0.7,0.5575427111962314
0,1,0,4,1,2,2,2,0.45,0.518781139711333
3,5,1,2,1,0,0,1,0.15,0.5579246846457893
2,6,3,1,1,1,2,0,0.1,0.5075150646630405
0,3,2,2,0,3,1,1,0.4,0.6991655793143708
2,1,0,3,0,0,1,2,0.25,0.41113148346935746
0,0,2,0,0,3,3,1,0.75,0.7629782401628271
0,2,2,2,1,2,3,0,0.9,0.6154442258800021
0,5,1,0,0,0,1,2,0.05,0.527371189274099
1,0,1,1,1,0,1,1,0.7,0.8432095396637886
0,0,1,3,0,1,1,1,0.25,0.7147451972245422
3,1,2,2,0,1,3,2,0.8,0.622871864167981
0,5,2,2,1,2,3,1,0.75,0.7070969304574967
2,3,0,0,1,0,0,1,0.3,0.5709228313675746
2,0,0,0,0,1,2,0,0.1,0.4629149512240784
2,5,0,3,0,2,0,1,0.15,0.46047293608001344
3,2,0,1,0,3,2,1,0.55,0.6209790402381263
3,3,0,2,0,2,3,0,0.45,0.596933516316033
1,3,3,2,1,2,3,0,0.65,0.67971916760131
0,6,1,2,0,3,0,2,1.0,0.5912203301097373
0,0,2,3,0,1,1,0,0.75,0.7568091443497594
2,5,1,0,1,1,2,2,0.75,0.5849698566442203
2,1,2,1,1,2,1,0,0.3,0.6094857671127447
2,2,1,1,0,2,0,1,0.25,0.5363565707144069
2,3,2,1,1,3,1,0,0.55,0.6293687769114855
2,2,0,4,0,0,1,2,0.6,0.5807964364824464
3,2,0,1,0,0,3,2,0.65,0.4331038000828643
0,6,1,3,1,2,2,0,0.35,0.5511540507708981
2,4,2,1,0,3,2,0,0.7,0.6384949863238742
2,3,0,3,1,3,0,1,0.2,0.4943410875629684
2,5,3,3,1,1,0,0,0.1,0.41365846977447135
3,2,1,3,0,3,3,0,0.8,0.6261187573054833
2,1,0,2,0,1,0,1,0.9,0.5843040360282434
2,2,3,1,1,3,3,1,0.45,0.5270825921172856
3,4,3,0,0,1,3,0,0.35,0.5086117616949655
3,3,1,3,1,3,3,2,0.55,0.4166899455144841
2,0,2,0,0,2,2,0,0.75,0.5877245550306707
0,0,0,2,0,3,1,1,0.95,0.7448945376620717
3,5,0,4,0,1,0,0,0.8,0.495785284910418
1,2,2,4,1,3,3,2,0.55,0.5193427158741905
0,5,2,2,1,2,3,2,0.95,0.6895340812844238
0,1,3,0,1,2,1,1,0.45,0.6382740907855188
1,5,1,0,0,1,3,1,0.65,0.6622430022627059
3,4,1,1,1,3,3,0,1.0,0.6571699498086766
2,6,1,3,0,2,2,0,0.3,0.5506521993643697
0,0,1,2,0,2,3,0,0.85,0.6572224251886047
2,1,2,0,1,2,3,0,0.95,0.7404337161232073
0,3,2,3,0,1,3,0,0.65,0.6357350417374759
0,1,3,2,0,2,3,1,0.15,0.558785228969857
2,0,0,3,0,3,1,2,0.7,0.6006344126027724
1,5,3,2,0,2,3,1,0.4,0.6802379461781087
3,4,1,4,0,1,2,0,0.95,0.5797133656964831
2,6,0,3,0,3,1,2,0.85,0.5544416662615
2,5,0,1,1,3,1,0,0.65,0.7479956245234477
0,3,1,0,0,0,0,1,0.45,0.689199185211078
1,3,2,4,1,2,2,2,0.85,0.7297707862633166
0,3,1,1,0,2,0,2,0.95,0.6239272639583386
1,3,1,2,1,3,3,1,0.85,0.7048952674768924
2,4,1,0,0,1,1,2,0.8,0.6368975571581452
2,4,3,1,1,0,3,1,0.15,0.5715988368328018
3,0,1,3,1,1,2,0,0.3,0.5060037492068474
3,6,2,1,1,3,0,1,0.6,0.6865401785356359
0,5,0,4,1,1,2,0,0.95,0.6727032120466415
0,1,1,4,0,1,2,2,0.95,0.5753207841616058
1,2,3,3,0,1,3,0,0.6,0.5840059917665948
0,6,2,2,1,0,3,0,0.75,0.5547854076152748
1,3,2,0,1,0,1,2,0.45,0.6704637372007209
3,5,0,0,1,3,2,0,0.65,0.598121517759609
2,1,1,0,1,2,2,1,0.8,0.7765350806480183
3,4,2,3,1,1,3,1,0.9,0.7315086391933597
2,6,3,1,0,1,2,0,0.45,0.4630295086443512
3,6,3,0,0,0,1,1,0.6,0.6606283019243987
1,2,1,1,1,2,0,1,0.4,0.6958540364860867
1,3,3,3,1,2,2,0,0.5,0.6976794692573932
0,2,3,2,0,0,3,0,0.55,0.4890964964243457
0,6,2,1,0,1,3,1,0.2,0.6337866908274365
2,5,1,1,1,0,0,1,0.95,0.7219962930447815
0,3,3,0,0,3,1,1,0.35,0.6501218619071508
0,0,3,3,1,3,3,2,0.6,0.5809279860053314
2,4,2,4,0,2,1,2,0.85,0.6418062709329976
2,3,0,3,0,0,1,0,1.0,0.7244669221884423
1,6,2,0,1,2,3,2,0.5,0.6417535559659979
3,6,0,0,0,0,0,0,0.55,0.5201284284667628
2,3,2,0,0,3,2,1,0.8,0.7338223664696466
0,0,0,0,0,0,3,0,0.95,0.69059296925638
2,0,0,1,1,3,2,0,0.5,0.6097918632975854
0,4,2,1,1,0,1,1,0.25,0.6823467548260232
1,1,1,2,0,1,2,0,0.85,0.7489183652919724
2,0,2,2,0,2,1,2,0.65,0.7370477062882517
3,1,3,1,0,2,1,2,0.85,0.6892057806584877
0,6,3,3,0,2,3,2,0.75,0.5761589514437805
3,1,2,0,1,2,0,1,0.55,0.6556229285999213
2,1,3,0,1,0,0,1,0.8,0.6297643741923488
1,2,2,0,0,0,2,1,0.7,0.7871620459305609
0,3,2,1,0,0,2,1,0.35,0.763395580071028
0,5,2,2,1,2,3,2,0.1,0.40345063571194695
2,4,2,0,1,2,3,2,0.3,0.44915133192913853
1,3,3,1,1,3,3,1,0.6,0.7187565628747988
1,0,0,3,0,0,2,0,0.4,0.6433559996117733
0,2,2,1,1,0,3,2,0.2,0.4914074217964396
2,2,3,2,1,2,3,2,0.75,0.5880402573784508
0,0,2,1,1,1,2,0,0.2,0.605551160326307
1,1,2,1,1,1,1,1,0.9,0.7868101916266029
1,3,3,1,0,3,2,2,0.75,0.634535432301669
1,3,1,0,1,2,3,0,0.65,0.6938586732973153
3,0,1,2,1,0,3,2,0.45,0.5053876311199448
2,4,0,2,0,0,0,0,0.35,0.5605947062294842
1,6,0,1,1,2,2,1,0.65,0.728652628801802
3,5,0,1,1,3,0,0,1.0,0.6665086009273515
0,0,2,2,0,3,2,2,0.5,0.560404459352585
1,5,3,0,1,2,3,2,0.25,0.5808357478375905
0,5,2,1,1,3,0,1,0.25,0.5797704200003719
2,5,1,4,1,1,1,0,0.9,0.7177817419062453
1,3,0,1,0,2,1,1,0.6,0.7317674709125229
3,0,0,0,1,0,0,1,0.65,0.6157286319660084
1,6,1,3,1,3,3,1,0.25,0.7067539476888414
3,5,3,1,1,0,0,2,0.3,0.5056409468349203
3,6,1,0,1,3,3,1,0.55,0.6927303625511754
0,5,3,2,0,1,1,1,0.85,0.7778551190836258
0,2,1,0,0,3,3,1,0.35,0.6666162916356456
0,6,0,0,1,1,2,0,0.65,0.5998705979019486
1,3,2,0,1,3,3,2,0.8,0.7285577719204676
1,1,3,0,0,1,3,1,0.55,0.7289831407382896
1,4,3,1,0,1,3,0,0.5,0.4834262013368076
1,0,2,0,1,3,3,2,0.7,0.5797642054205807
2,2,0,2,0,0,0,1,0.6,0.6308803639290276
2,0,0,2,0,0,3,0,0.95,0.45694298755597895
1,4,0,1,1,2,3,1,0.35,0.6843026927369257
1,2,1,0,1,2,0,1,0.75,0.7273948397206352
1,3,2,4,1,1,3,1,0.7,0.7828076221430134
3,5,1,1,0,1,2,1,0.95,0.7036390060136436
3,4,3,0,1,2,3,1,0.85,0.6919140574436932
1,0,0,2,0,0,0,2,0.55,0.4817634471402434
2,1,0,0,1,0,3,0,0.6,0.4521883473878706
0,5,1,0,0,1,1,0,0.3,0.6772103496749127
2,4,3,0,0,1,3,1,0.05,0.5497690946002927
1,1,3,1,0,0,3,1,0.25,0.488274423850692
1,6,1,1,0,3,3,0,0.75,0.719861634180505
0,6,2,0,0,1,1,1,0.15,0.6485331440086219
2,1,3,0,1,2,0,1,0.35,0.5514347817311128
1,2,0,3,1,0,3,2,1.0,0.7060023793383798
3,3,1,0,1,3,2,1,0.45,0.689077129684732
1,2,3,0,0,3,3,1,0.95,0.7861536939224024
0,6,1,2,0,3,0,0,0.5,0.5025552966853015
3,6,0,2,0,0,0,1,0.65,0.5674224008483132
1,5,1,1,1,2,1,0,0.25,0.7297645257347195
3,3,2,0,1,3,3,2,0.95,0.7188515329410314
0,3,2,1,1,1,2,1,0.45,0.7676547935242111
0,0,2,3,1,0,1,1,0.35,0.6919755108625784
3,0,0,0,0,3,0,1,0.85,0.6199880007491517
1,0,1,0,1,2,2,2,0.85,0.6502472478533436
3,4,1,1,1,2,1,2,0.75,0.6098846607250569
3,6,1,3,1,0,3,0,0.15,0.4653965444279554
1,6,0,0,1,3,2,0,0.65,0.6272460697021611
1,1,0,1,1,1,2,0,0.85,0.6971509509287237
3,1,0,4,1,2,3,0,0.3,0.47352767914837285
2,2,3,2,1,3,3,0,1.0,0.5133468066593
3,5,0,3,0,2,3,1,0.1,0.5052179381149416
0,3,2,0,1,0,1,0,0.55,0.770139357964263
1,3,2,1,1,1,3,1,0.55,0.8096333229446723
1,2,2,1,0,2,3,0,0.8,0.640935225615542
3,5,3,0,0,3,3,1,0.65,0.505348726013795
1,5,0,1,1,0,3,2,0.45,0.4854531710140107
1,5,3,1,1,2,1,0,0.65,0.7405078989876726
2,2,2,1,1,0,2,1,0.75,0.7089802617989325
1,6,3,2,1,1,1,0,0.5,0.7032760654567455
2,6,0,0,0,3,1,1,0.4,0.6089378630382891
1,6,0,2,1,1,0,2,0.35,0.5149842793600575
3,2,2,1,1,1,3,0,0.6,0.5523984261578117
0,3,2,4,0,1,1,0,0.45,0.6993317753252707
2,0,1,1,1,0,3,0,0.15,0.44126361089616906
3,1,1,2,0,1,3,0,0.7,0.46907445924444063
2,2,1,2,0,2,1,0,0.55,0.7115095630757247
2,2,0,3,1,1,0,0,0.8,0.579339418395953
1,5,3,1,0,0,3,2,0.45,0.3960969992073857
3,1,0,4,0,2,0,0,0.3,0.4266546333486908
1,1,3,1,1,3,1,1,0.3,0.695079744571872
1,6,1,0,0,1,2,1,0.35,0.7294584601424239
1,2,0,0,0,0,2,1,0.5,0.7276616067521348
0,6,1,3,0,3,2,1,0.05,0.6408527783998522
3,5,1,0,1,2,0,1,0.2,0.6913192094992335
0,4,1,1,0,3,1,1,0.75,0.7594911389400512
1,0,2,2,1,2,2,0,0.85,0.7320295841674533
2,3,2,2,1,3,0,0,0.9,0.6669468725559414
3,0,3,0,1,3,2,1,0.4,0.6040419529623442
2,6,0,1,0,0,3,0,0.65,0.44464658909883004
3,6,2,2,1,2,2,0,0.15,0.5354136470553024
0,1,1,1,1,2,1,2,0.4,0.6517967823198769
0,2,1,1,1,3,0,1,0.95,0.7484447587386784
2,5,3,1,1,1,1,1,0.2,0.6020468922485073
0,5,0,1,1,1,2,1,0.5,0.6721591129125455
3,1,1,0,0,2,0,1,0.8,0.6252460484115742
0,0,2,2,0,3,3,1,0.45,0.6580249739850509
2,3,0,3,0,0,3,0,0.4,0.5411162197335068
2,5,1,2,1,1,2,0,0.2,0.630787532245567
3,6,3,2,0,2,3,1,0.65,0.6697275176602263
1,1,1,1,0,1,0,1,0.35,0.603239131513219
2,0,0,2,0,3,3,1,0.25,0.49650994522030906
1,1,1,0,0,2,3,1,1.0,0.7880404850491908
2,6,0,1,1,2,3,0,0.25,0.40518206435901377
1,3,1,2,1,0,0,0,0.75,0.6919318742330031
2,3,0,0,0,0,2,1,0.35,0.6811183101351043
0,4,2,2,0,3,3,0,0.1,0.5288975137112938
0,2,2,4,1,3,0,1,0.65,0.5681531608236178
3,6,0,2,0,3,3,0,0.05,0.45344762481945466
1,2,2,0,0,3,0,1,0.55,0.7307704714850405
3,6,3,0,1,3,0,1,0.5,0.5602121684295759
2,4,3,4,0,1,1,2,0.3,0.49822857678000576
0,0,2,0,1,0,0,0,0.5,0.611248805156073
3,2,1,1,0,0,3,1,0.85,0.7199127620512079
3,3,1,0,1,0,1,2,0.7,0.7326747948143539
0,4,2,2,1,0,2,1,0.75,0.7067341982139222
2,0,0,2,1,2,3,1,0.1,0.6042283157268528
3,5,2,2,1,0,1,1,0.15,0.6342146614788854
1,4,0,3,0,1,2,1,0.3,0.6373526016218537
1,1,2,3,0,2,1,0,0.75,0.7744468142552116
0,1,0,0,1,0,1,1,0.8,0.7659570276308145
3,4,2,2,1,0,3,1,0.9,0.7621112732320169
0,2,1,1,0,3,1,0,0.8,0.7401722265907628
1,3,3,3,0,2,3,0,0.95,0.6950930302777694
2,0,1,4,0,3,2,1,0.1,0.5664730461605867
0,5,0,3,1,2,2,2,0.05,0.4382885645226895
1,3,0,1,1,1,0,1,1.0,0.7562150395114134
1,4,1,1,0,1,0,0,0.4,0.5528879727605671
3,2,2,4,1,2,0,1,0.9,0.6646957421465172
3,3,3,3,0,0,3,0,0.2,0.4631459161382431
2,4,1,1,1,3,3,0,0.75,0.6233894494701487
0,5,3,0,1,1,3,0,0.2,0.5833467367835045
3,0,1,3,1,0,0,1,0.7,0.6850117651782754
2,2,0,0,1,0,3,0,0.3,0.543637497840101
3,5,2,2,0,2,0,0,0.15,0.47413526854303567
1,1,1,0,1,0,3,2,0.25,0.6030133827001847
2,0,0,2,0,0,3,1,1.0,0.7130517522540069
1,3,0,2,0,3,3,1,0.7,0.7694121232770543
3,1,1,0,0,2,0,0,1.0,0.7204275270068972
1,3,1,2,0,3,2,0,0.5,0.6847021561567231
2,5,1,3,1,1,0,1,0.45,0.6153368510148939
3,6,2,2,0,0,3,1,0.5,0.6801662747786802
3,3,3,0,0,2,3,1,0.85,0.6901817749791505
0,6,3,1,1,0,3,0,0.25,0.5279674717840008
0,0,0,0,1,1,2,1,0.2,0.6359090132276469
2,2,2,3,1,3,2,0,0.4,0.7054770880081562
2,0,2,1,0,0,0,0,0.3,0.4579340661374913
1,6,2,1,0,1,2,0,0.75,0.7279185385240983
2,0,1,1,0,2,1,2,0.95,0.6999802277031132
1,5,0,0,0,1,1,0,0.5,0.7409410450356698
3,4,3,1,0,0,0,1,0.2,0.4517216194403361
1,1,3,1,1,1,2,1,0.35,0.6095252472910677
3,5,0,0,0,0,2,1,0.4,0.5882993081183215
1,0,2,0,0,3,1,1,0.55,0.7786681091077532
2,4,2,1,0,3,2,0,0.1,0.588141646852789
0,1,2,1,1,0,3,1,0.4,0.6023164671997672
1,1,2,2,0,0,2,1,0.25,0.7054871059772714
0,4,1,1,0,1,1,0,0.6,0.7182759598689435
3,3,2,0,1,0,1,0,0.75,0.7241837653174679
3,4,3,1,1,0,3,1,0.4,0.6355887640512661
2,3,2,0,1,1,2,0,0.3,0.6536709321252399
3,4,1,2,1,1,2,0,0.4,0.6245454646485296
3,3,3,1,0,2,0,1,0.35,0.5650514564465429
1,1,0,2,1,0,2,0,0.65,0.7286340283045171
1,4,0,0,1,2,1,2,0.85,0.7759340285045686
3,2,3,1,0,2,0,1,0.3,0.4814511910503753
3,6,1,4,1,3,3,1,0.05,0.4222798489990351
0,5,1,0,1,1,3,2,0.75,0.6439553943141704
2,4,1,0,0,1,0,1,0.3,0.6803918339115169
3,3,2,3,0,3,2,2,0.65,0.616010136330672
3,4,0,2,1,2,1,0,0.25,0.6512694540059567
0,2,0,3,0,2,0,2,0.25,0.5795755731524092
1,5,2,2,0,0,3,0,0.8,0.6610445204682114
0,2,0,2,1,0,3,0,0.85,0.6954642470693948
2,0,1,0,1,1,1,2,0.35,0.563846843935433
1,4,2,0,1,2,3,0,0.7,0.7005130685532526
1,2,2,2,1,1,3,1,0.9,0.822655033556044
2,2,0,1,1,3,3,2,0.35,0.5513086553236118
0,5,2,0,0,0,1,1,0.05,0.6446016188103181
3,3,1,2,0,3,3,0,0.85,0.6609438111844925
1,1,0,2,1,3,0,0,0.75,0.6835388277883473
1,5,0,0,0,2,2,1,0.55,0.6637186971585206
3,6,3,1,0,3,0,1,1.0,0.6276948323090401
3,6,1,3,0,2,3,0,0.1,0.5129743242761815
0,4,3,0,1,1,2,1,0.9,0.6583688335093958
0,5,3,1,1,3,3,1,0.25,0.465447439581022
0,1,3,1,1,3,1,1,0.1,0.5487730213409597
0,2,3,2,1,0,3,0,0.5,0.5048389689804281
0,4,1,2,0,1,3,0,0.15,0.5777078888165877
3,4,3,2,0,0,3,2,0.7,0.4999430554054432
3,1,0,0,0,1,3,0,0.8,0.6309114385053375
1,1,2,0,0,2,3,1,0.85,0.8163642898551803
1,3,1,0,1,1,3,1,0.7,0.6767464211676214
3,0,1,0,1,2,3,1,0.05,0.618813847301253
1,1,1,3,0,3,3,2,0.45,0.6250380145069038
1,0,2,4,0,3,0,0,0.5,0.6535501706891053
2,6,0,2,1,0,3,0,0.1,0.48956963707929685
3,4,1,1,0,3,3,1,0.65,0.6599455774634332
1,5,3,1,1,2,1,0,1.0,0.7251458348637989
2,1,1,3,0,2,0,2,0.65,0.46291896874536126
0,2,3,0,0,1,3,1,0.95,0.6108961689147716
1,4,1,0,1,0,2,1,0.35,0.6888114831067161
3,1,0,3,1,1,2,1,0.75,0.7329256963549978
2,6,2,2,1,2,2,1,1.0,0.7357684938875885
1,0,2,0,0,0,1,1,0.45,0.7455820751239598
3,2,3,2,0,0,3,1,0.3,0.5830668466546756
2,5,3,1,0,2,2,2,0.25,0.5103814306426627
0,6,1,2,1,1,2,1,0.75,0.6503784418617102
3,0,1,0,1,0,0,1,0.55,0.6393128081444175
0,2,2,1,0,2,3,1,0.65,0.7321528584087604
2,5,3,2,0,1,0,0,0.95,0.6348971861319146
3,2,1,3,0,3,2,0,0.45,0.651604389998598
3,2,3,0,0,3,3,1,0.85,0.592612290791849
2,3,0,2,0,3,3,0,0.25,0.40168452770133567
1,5,3,1,0,0,2,0,0.4,0.655667564406294
0,4,1,2,0,3,3,1,0.05,0.5249833514364658
2,2,0,2,0,3,1,2,0.65,0.6311570089234841
0,5,3,1,1,1,0,1,0.85,0.6901105932372109
2,4,3,4,1,2,1,2,0.25,0.5009120323182708
1,5,0,2,0,2,2,0,0.75,0.7290201129244767
2,5,0,3,0,3,2,0,0.45,0.5342301919558091
0,6,3,2,0,2,0,2,0.15,0.3867889737288711
2,6,0,2,0,0,2,0,0.55,0.6272810960593226
3,5,0,0,0,2,0,2,1.0,0.5258554490464459
3,3,1,0,1,2,3,1,0.8,0.6443485331116094
3,3,0,3,0,1,2,1,0.85,0.7640922323943694
3,1,3,0,1,1,2,1,0.75,0.6438730593618992
3,3,1,3,1,0,3,1,0.45,0.6771851072743521
2,3,2,2,0,0,0,2,0.6,0.5683798281950404
2,0,1,1,1,1,0,1,0.4,0.5400426391375195
2,0,3,2,0,1,2,1,0.75,0.5872003156357117
0,2,1,3,1,3,3,0,0.6,0.6989491927024728
3,6,0,1,1,1,3,1,0.6,0.5560456169636911
1,4,2,0,0,0,3,0,0.75,0.5752407606314054
3,0,3,3,1,3,0,1,0.1,0.4584812787269119
2,6,2,1,0,2,3,1,0.55,0.6936269190899433
0,5,0,2,0,0,2,2,0.9,0.6401137367485565
0,4,3,0,0,1,3,1,0.9,0.5748826533353721
3,3,0,0,1,1,1,1,0.3,0.6581070508936043
2,4,1,2,1,2,1,0,0.1,0.5540182702063029
0,6,3,0,1,1,1,2,0.25,0.5207073781507549
2,6,1,3,1,3,3,0,0.2,0.5031783511860735
0,3,0,1,1,1,1,0,0.45,0.5871582284042461
2,3,2,2,0,1,3,1,0.5,0.7103191578034331
1,4,2,2,1,0,3,1,0.9,0.7939829254540129
3,3,2,2,0,2,0,1,0.5,0.6021080035070555
3,3,1,1,0,2,1,2,0.65,0.7028242770767379
1,2,2,1,0,0,3,0,0.8,0.7750156574936297
0,3,3,2,0,0,3,2,1.0,0.6124933090938197
2,1,2,0,1,1,3,0,0.55,0.6861099492339003
