cars_per_hour,temperature_at_2m,wind_speed,temperature_diff_2m_25m,wind_direction,hour_of_day,day,target
7.691199779510498,9.199999809265137,4.800000190734863,-0.1000000014901161,74.4000015258789,20.0,600.0,3.718440055847168
7.698939800262451,6.400000095367432,3.5,-0.3000000119209289,56.0,14.0,196.0,3.1000900268554688
4.812180042266846,-3.700000047683716,0.8999999761581421,-0.1000000014901161,281.29998779296875,4.0,513.0,3.314189910888672
6.951769828796387,-7.199999809265137,1.7000000476837158,1.2000000476837158,74.0,23.0,143.0,4.3882598876953125
7.518060207366943,-1.2999999523162842,2.5999999046325684,-0.1000000014901161,65.0,11.0,115.0,4.346399784088135
7.671830177307129,2.5999999046325684,1.600000023841858,0.3000000119209289,224.1999969482422,19.0,527.0,4.160439968109131
5.525450229644775,-7.900000095367432,1.600000023841858,0.3000000119209289,211.8999938964844,5.0,502.0,4.012770175933838
4.682129859924316,-4.099999904632568,3.799999952316284,-0.1000000014901161,63.099998474121094,4.0,453.0,2.1517601013183594
7.156179904937744,-12.699999809265137,5.199999809265137,-0.1000000014901161,64.5,12.0,462.0,3.1570000648498535
4.744929790496826,-1.600000023841858,3.0,0.4000000059604645,58.29999923706055,3.0,554.0,2.379549980163574
5.811140060424805,-3.0999999046325684,1.7999999523162842,0.3000000119209289,78.0,2.0,55.0,3.832979917526245
8.108920097351074,1.0,1.2000000476837158,1.5,215.0,18.0,47.0,4.481870174407959
8.313850402832031,12.199999809265137,4.0,-2.799999952316284,230.3999938964844,17.0,572.0,4.048299789428711
5.220359802246094,-1.5,2.4000000953674316,0.8999999761581421,82.69999694824219,5.0,556.0,4.00186014175415
6.408530235290527,-0.8999999761581421,3.0,0.1000000014901161,235.0,1.0,69.0,3.230799913406372
7.319200038909912,-8.5,0.800000011920929,2.9000000953674316,282.3999938964844,20.0,447.0,4.671889781951904
6.617400169372559,6.5,4.099999904632568,0.0,88.0,24.0,186.0,2.734369993209839
7.76938009262085,4.199999809265137,7.099999904632568,-1.100000023841858,9.300000190734863,10.0,550.0,3.4965100288391113
6.467700004577637,-1.100000023841858,2.5,1.0,277.0,6.0,142.0,3.671220064163208
7.65064001083374,0.800000011920929,3.4000000953674316,-0.4000000059604645,70.0,12.0,167.0,3.673769950866699
7.750609874725342,8.199999809265137,4.5,0.2000000029802322,307.0,14.0,32.0,3.152740001678467
5.181779861450195,0.2000000029802322,0.4000000059604645,0.2000000029802322,230.0,5.0,112.0,3.4275100231170654
7.639639854431152,-2.0999999046325684,4.300000190734863,-0.2000000029802322,41.400001525878906,11.0,432.0,4.324130058288574
8.00702953338623,-2.799999952316284,6.0,-0.2000000029802322,62.5,15.0,453.0,3.6558399200439458
7.753190040588379,-5.400000095367432,2.5,1.399999976158142,83.0,20.0,98.0,3.931829929351806
4.653960227966309,-5.699999809265137,4.900000095367432,-0.1000000014901161,58.5,4.0,409.0,2.2823801040649414
6.6758198738098145,6.599999904632568,1.600000023841858,0.4000000059604645,104.5,23.0,579.0,4.130350112915039
7.796879768371582,5.699999809265137,4.800000190734863,-1.5,223.0,11.0,178.0,3.779629945755005
8.022239685058594,13.800000190734863,0.800000011920929,-0.1000000014901161,201.6000061035156,17.0,602.0,3.979680061340332
7.488289833068848,3.200000047683716,4.199999809265137,-0.6000000238418579,285.0,12.0,121.0,3.754199981689453
7.7514801025390625,2.0999999046325684,4.900000095367432,0.2000000029802322,149.0,19.0,60.0,3.45632004737854
6.124680042266846,5.300000190734863,3.200000047683716,0.0,73.0,1.0,209.0,2.360850095748902
7.712440013885498,7.5,1.7999999523162842,-2.700000047683716,273.8999938964844,12.0,530.0,4.234109878540039
7.5694098472595215,10.699999809265137,3.0999999046325684,-0.8999999761581421,56.0,13.0,189.0,2.2191998958587646
7.359469890594482,-9.600000381469728,1.2999999523162842,0.1000000014901161,64.5999984741211,21.0,437.0,4.534749984741211
7.995639801025391,3.200000047683716,6.5,0.0,42.79999923706055,18.0,553.0,2.1041300296783447
8.302510261535645,3.5,0.5,-2.200000047683716,207.8999938964844,8.0,535.0,4.581900119781494
5.955840110778809,6.699999809265137,1.100000023841858,0.6000000238418579,89.9000015258789,5.0,605.0,4.032470226287842
6.740520000457764,-6.400000095367432,2.799999952316284,-0.1000000014901161,77.0,22.0,84.0,3.2108399868011475
6.45205020904541,-3.0,0.6000000238418579,1.7000000476837158,57.0,6.0,73.0,4.0465497970581055
6.393589973449707,-13.399999618530272,4.400000095367432,-0.1000000014901161,80.0,6.0,95.0,3.945460081100464
7.163169860839844,1.399999976158142,0.8999999761581421,0.2000000029802322,274.0,10.0,76.0,3.891819953918457
7.64300012588501,8.5,4.300000190734863,-0.2000000029802322,322.0,13.0,32.0,3.222870111465454
5.937540054321289,-2.799999952316284,2.0999999046325684,-0.2000000029802322,65.0,1.0,124.0,3.3568999767303467
7.619229793548584,16.600000381469727,4.800000190734863,-1.100000023841858,136.89999389648438,14.0,595.0,3.3178200721740723
8.348540306091309,2.700000047683716,7.699999809265137,0.1000000014901161,219.0,17.0,159.0,3.815510034561157
8.127400398254395,19.100000381469727,5.099999904632568,-1.2000000476837158,266.6000061035156,16.0,603.0,3.45632004737854
6.836259841918945,7.800000190734863,7.5,0.800000011920929,220.0,21.0,34.0,2.6672298908233643
5.278110027313232,1.5,3.299999952316284,1.600000023841858,251.0,5.0,156.0,3.7681500911712646
5.683579921722412,0.3000000119209289,2.0999999046325684,1.100000023841858,220.3999938964844,5.0,538.0,2.8735599517822266
7.760039806365967,-7.300000190734863,0.5,-0.3000000119209289,176.0,13.0,84.0,3.4843099117279053
6.300789833068848,-1.600000023841858,2.0,0.1000000014901161,289.1000061035156,7.0,510.0,2.9285199642181396
5.521460056304932,1.100000023841858,1.0,0.2000000029802322,9.0,5.0,113.0,3.321429967880249
7.798110008239746,16.100000381469727,1.7000000476837158,-0.2000000029802322,246.1000061035156,19.0,570.0,4.3554301261901855
6.144189834594727,-7.900000095367432,1.2000000476837158,0.3000000119209289,56.0,11.0,86.0,3.732899904251098
6.549650192260742,1.100000023841858,2.799999952316284,0.0,66.0,24.0,59.0,2.708050012588501
5.645450115203857,0.3000000119209289,7.099999904632568,-0.1000000014901161,69.5,2.0,425.0,2.424799919128418
6.631999969482422,4.099999904632568,3.900000095367432,0.3000000119209289,212.0,6.0,106.0,3.45632004737854
7.640120029449463,5.900000095367432,2.4000000953674316,2.5999999046325684,249.0,16.0,48.0,4.261270046234131
6.865890026092529,-6.800000190734863,6.900000095367432,-0.1000000014901161,50.0,10.0,90.0,2.5726099014282227
6.689599990844727,0.3000000119209289,0.6000000238418579,0.699999988079071,252.0,21.0,104.0,3.795490026473999
7.367710113525391,1.7999999523162842,1.7000000476837158,0.699999988079071,91.0,22.0,140.0,4.084290027618408
7.6255998611450195,-7.900000095367432,1.0,-0.2000000029802322,188.8999938964844,12.0,443.0,5.1125898361206055
5.5053300857543945,3.4000000953674316,6.300000190734863,0.6000000238418579,186.0,2.0,475.0,3.3741700649261475
8.067779541015625,3.900000095367432,2.799999952316284,-0.1000000014901161,43.5,18.0,576.0,4.130350112915039
7.7634501457214355,9.199999809265137,5.699999809265137,-0.8999999761581421,199.0,14.0,212.0,4.359270095825195
8.257129669189453,11.0,5.5,-1.0,216.0,17.0,193.0,4.276669979095459
5.5759501457214355,-3.5,4.599999904632568,-0.1000000014901161,62.29999923706055,5.0,418.0,2.694629907608032
7.934869766235352,9.699999809265137,1.7999999523162842,-0.6000000238418579,255.5,15.0,529.0,4.0465497970581055
6.3297200202941895,1.5,1.600000023841858,0.5,275.0,24.0,114.0,3.912019968032837
4.83627986907959,2.0,1.7000000476837158,-0.1000000014901161,63.099998474121094,4.0,549.0,3.194580078125
7.783219814300537,3.700000047683716,2.200000047683716,0.0,40.5,19.0,576.0,4.019979953765869
7.672760009765625,-7.099999904632568,1.5,-0.4000000059604645,53.099998474121094,15.0,517.0,3.2067999839782715
8.22012996673584,2.0,3.5,-0.2000000029802322,82.0,8.0,64.0,3.811100006103515
7.53154993057251,-0.699999988079071,3.299999952316284,-0.2000000029802322,179.3000030517578,20.0,522.0,3.8753600120544434
7.839920043945312,1.0,6.900000095367432,-0.3000000119209289,81.69999694824219,11.0,558.0,4.434380054473877
5.062600135803223,2.4000000953674316,2.0999999046325684,0.3000000119209289,216.0,4.0,177.0,2.8564701080322266
8.172450065612793,4.199999809265137,5.900000095367432,0.3000000119209289,214.0,16.0,108.0,4.231200218200684
8.24905014038086,0.800000011920929,1.2999999523162842,0.2000000029802322,215.0,8.0,162.0,4.110869884490967
6.530879974365234,0.5,2.0999999046325684,0.0,83.0,23.0,58.0,3.4812400341033936
8.187020301818848,-4.0,0.8999999761581421,0.8999999761581421,245.8999938964844,16.0,513.0,4.100989818572998
7.81682014465332,-3.5999999046325684,4.0,0.0,43.400001525878906,18.0,409.0,3.325040102005005
7.624619960784912,3.799999952316284,2.0,2.799999952316284,283.1000061035156,20.0,543.0,4.750140190124512
7.236340045928955,5.0,3.5,-0.1000000014901161,62.0,23.0,196.0,2.624670028686523
7.987180233001709,-1.600000023841858,5.300000190734863,0.6000000238418579,227.0,18.0,81.0,3.992680072784424
7.41156005859375,3.299999952316284,6.800000190734863,1.0,197.1999969482422,20.0,472.0,3.953160047531128
7.916810035705566,-9.100000381469728,1.600000023841858,0.6000000238418579,21.0,14.0,83.0,3.8958899974823
7.844629764556885,-0.1000000014901161,1.0,1.7999999523162842,174.0,18.0,50.0,5.114999771118164
4.682129859924316,-7.599999904632568,4.400000095367432,0.1000000014901161,66.19999694824219,3.0,407.0,2.116260051727295
8.213109970092773,1.100000023841858,9.300000190734863,0.1000000014901161,213.8999938964844,17.0,481.0,3.711129903793335
6.150599956512451,-0.6000000238418579,1.2999999523162842,1.2000000476837158,337.0,7.0,146.0,4.339900016784668
6.29341983795166,5.599999904632568,4.300000190734863,0.0,98.0,1.0,211.0,2.0014801025390625
5.894400119781494,-1.0,1.899999976158142,2.700000047683716,164.0,1.0,397.0,4.231200218200684
6.570879936218262,5.5,0.800000011920929,0.1000000014901161,89.0,6.0,206.0,3.966510057449341
8.316300392150879,6.300000190734863,1.2000000476837158,1.2999999523162842,265.0,17.0,33.0,4.141550064086914
7.830029964447021,9.5,0.800000011920929,0.1000000014901161,110.6999969482422,19.0,597.0,4.2106499671936035
8.26177978515625,1.0,3.4000000953674316,1.2999999523162842,248.0,8.0,43.0,4.542230129241943
5.4722700119018555,-3.799999952316284,3.5999999046325684,1.899999976158142,76.69999694824219,6.0,469.0,3.927900075912475
6.530879974365234,-4.199999809265137,3.799999952316284,0.1000000014901161,64.30000305175781,8.0,503.0,2.939160108566284
7.077499866485596,4.900000095367432,4.900000095367432,-0.1000000014901161,229.0,11.0,126.0,2.517699956893921
4.779119968414307,-3.700000047683716,0.8999999761581421,-0.1000000014901161,311.0,2.0,513.0,3.397860050201416
5.746200084686279,-6.400000095367432,5.099999904632568,-0.1000000014901161,82.0,6.0,118.0,3.194580078125
4.779119968414307,-1.0,1.100000023841858,2.299999952316284,291.0,3.0,36.0,3.8286399841308594
5.476459980010986,-1.0,4.400000095367432,0.4000000059604645,5.800000190734863,5.0,553.0,1.3350000381469729
7.871310234069824,5.900000095367432,1.2999999523162842,-0.1000000014901161,85.0,9.0,184.0,4.448520183563232
7.195189952850342,-2.5,5.0,0.0,66.30000305175781,22.0,427.0,3.716010093688965
4.890349864959717,-4.099999904632568,6.300000190734863,-0.1000000014901161,45.099998474121094,6.0,455.0,1.791759967803955
7.827239990234375,-10.100000381469728,1.7000000476837158,0.6000000238418579,70.80000305175781,7.0,443.0,4.75616979598999
5.710430145263672,-2.0999999046325684,1.0,0.5,211.0,6.0,55.0,3.8877298831939697
4.804019927978516,2.799999952316284,5.0,-0.1000000014901161,80.0,4.0,186.0,2.9549100399017334
7.931640148162842,14.199999809265137,8.100000381469727,-2.0999999046325684,209.1000061035156,14.0,577.0,4.314819812774658
8.175270080566406,-3.900000095367432,2.799999952316284,0.3000000119209289,52.400001525878906,16.0,486.0,4.120659828186035
5.762050151824951,0.1000000014901161,0.4000000059604645,0.2000000029802322,145.0,2.0,112.0,3.3775899410247803
7.02908992767334,-16.200000762939453,2.5999999046325684,0.8999999761581421,73.0,22.0,91.0,3.990829944610596
7.622169971466064,-3.4000000953674316,2.9000000953674316,1.7000000476837158,213.0,20.0,81.0,4.110869884490967
7.173960208892822,-7.0,7.800000190734863,-0.1000000014901161,49.0,11.0,90.0,3.0106201171875
7.547500133514404,-8.0,0.3000000119209289,-0.2000000029802322,289.0,14.0,95.0,4.107590198516846
5.529429912567139,-1.5,7.5,0.3000000119209289,3.0,5.0,40.0,2.549449920654297
5.860789775848389,6.5,3.5999999046325684,0.1000000014901161,49.0,2.0,196.0,1.504080057144165
7.327779769897461,-4.900000095367432,4.599999904632568,0.3000000119209289,359.0,21.0,116.0,3.572350025177002
8.177800178527832,-4.199999809265137,1.399999976158142,0.2000000029802322,86.0,16.0,101.0,4.563310146331787
7.732369899749756,-5.199999809265137,0.6000000238418579,0.1000000014901161,91.0,7.0,74.0,4.385769844055176
6.79571008682251,-4.0,3.700000047683716,-0.2000000029802322,56.900001525878906,11.0,434.0,3.440419912338257
6.061460018157959,-4.699999809265137,4.800000190734863,-0.3000000119209289,44.79999923706055,9.0,406.0,1.7227699756622314
7.635300159454346,9.5,1.600000023841858,-5.400000095367432,226.6000061035156,11.0,529.0,4.297289848327637
7.04925012588501,2.299999952316284,3.0999999046325684,0.699999988079071,225.0,22.0,120.0,3.353410005569458
7.678790092468262,4.099999904632568,4.400000095367432,0.5,297.1000061035156,10.0,473.0,4.338600158691406
6.9392499923706055,4.199999809265137,5.5,-0.4000000059604645,238.0,9.0,160.0,2.99072003364563
6.331500053405762,-5.099999904632568,1.600000023841858,1.0,251.6000061035156,8.0,468.0,4.236999988555908
8.26255989074707,3.799999952316284,0.699999988079071,-0.4000000059604645,161.0,8.0,191.0,4.581900119781494
7.914979934692383,-3.5,1.7999999523162842,0.2000000029802322,222.0,18.0,520.0,4.172850131988525
6.39024019241333,2.0,0.6000000238418579,1.100000023841858,177.0,7.0,139.0,3.5610499382019043
6.340360164642334,-4.099999904632568,2.9000000953674316,-0.1000000014901161,60.599998474121094,8.0,433.0,3.165479898452759
7.912059783935547,-5.199999809265137,4.5,-0.1000000014901161,76.0,9.0,120.0,4.391980171203613
7.96727991104126,9.800000190734863,2.200000047683716,0.0,44.0,18.0,189.0,3.0106201171875
7.83636999130249,8.899999618530273,0.5,-0.6000000238418579,296.0,15.0,184.0,4.406720161437988
8.212030410766602,2.9000000953674316,2.200000047683716,-0.1000000014901161,73.0,17.0,129.0,4.297289848327637
5.44674015045166,1.600000023841858,2.9000000953674316,-0.1000000014901161,220.8999938964844,5.0,545.0,2.646169900894165
7.667630195617676,0.6000000238418579,5.800000190734863,0.0,42.099998474121094,14.0,480.0,3.845880031585694
7.593369960784912,-7.5,3.200000047683716,-0.2000000029802322,59.70000076293945,11.0,435.0,4.623990058898926
6.526490211486816,-0.3000000119209289,6.099999904632568,-0.2000000029802322,68.9000015258789,6.0,429.0,3.68887996673584
8.318989753723145,1.600000023841858,2.700000047683716,-0.3000000119209289,209.8999938964844,16.0,523.0,3.790980100631714
7.327119827270508,9.300000190734863,4.300000190734863,-0.2000000029802322,214.1000061035156,21.0,582.0,3.9608099460601807
7.25275993347168,1.100000023841858,1.399999976158142,1.2000000476837158,78.9000015258789,21.0,530.0,4.511960029602051
7.984799861907959,-8.800000190734863,2.0999999046325684,-0.2000000029802322,48.0,15.0,88.0,3.826469898223877
6.645090103149414,-6.800000190734863,1.100000023841858,0.1000000014901161,145.8000030517578,24.0,444.0,4.588019847869873
7.055309772491455,11.199999809265137,3.299999952316284,2.299999952316284,302.79998779296875,23.0,604.0,3.025290012359619
7.803440093994141,4.900000095367432,2.9000000953674316,0.4000000059604645,189.0,15.0,133.0,3.663559913635254
7.61283016204834,20.299999237060547,4.199999809265137,-3.900000095367432,278.8999938964844,10.0,607.0,3.4843099117279053
7.675549983978272,6.800000190734863,9.899999618530272,-0.2000000029802322,249.0,15.0,160.0,2.557229995727539
8.195890426635742,-4.199999809265137,0.800000011920929,0.4000000059604645,247.1999969482422,16.0,445.0,4.837870121002197
8.131239891052246,4.099999904632568,6.5,0.0,58.099998474121094,9.0,576.0,4.302710056304932
6.927559852600098,1.7999999523162842,4.199999809265137,0.3000000119209289,207.0,23.0,130.0,3.254240036010742
7.52347993850708,3.4000000953674316,6.0,0.2000000029802322,191.0,14.0,482.0,3.858619928359986
7.007599830627441,-3.4000000953674316,1.5,1.7000000476837158,76.0,23.0,44.0,4.216559886932373
8.196160316467285,-4.099999904632568,0.4000000059604645,0.4000000059604645,270.5,17.0,401.0,4.082610130310059
4.812180042266846,-6.400000095367432,4.699999809265137,0.4000000059604645,75.9000015258789,7.0,451.0,2.5336999893188477
7.614309787750244,0.8999999761581421,3.900000095367432,0.1000000014901161,107.0,19.0,65.0,3.610919952392578
7.940579891204834,4.300000190734863,5.599999904632568,-0.8999999761581421,64.0,12.0,174.0,3.45947003364563
7.43779993057251,2.0999999046325684,1.600000023841858,1.0,205.0,20.0,178.0,3.2347500324249268
8.01333999633789,1.2000000476837158,2.299999952316284,0.1000000014901161,245.0,17.0,168.0,3.848020076751709
4.543290138244629,6.5,3.700000047683716,0.0,80.0,4.0,185.0,3.238679885864258
7.974880218505859,-1.600000023841858,3.5,0.5,34.5,18.0,480.0,4.2355499267578125
7.236340045928955,1.2000000476837158,4.300000190734863,0.0,64.30000305175781,21.0,404.0,2.8735599517822266
8.251919746398926,0.0,3.5,-0.2000000029802322,77.0,8.0,157.0,4.417640209197998
7.571469783782959,8.399999618530273,1.7999999523162842,-0.8999999761581421,108.0,13.0,191.0,4.141550064086914
6.749929904937744,-2.799999952316284,2.0,-0.8999999761581421,231.8000030517578,10.0,504.0,3.1484498977661133
4.564350128173828,-3.900000095367432,1.399999976158142,-0.1000000014901161,76.80000305175781,4.0,521.0,2.424799919128418
6.955589771270752,-7.5,1.2999999523162842,2.299999952316284,236.0,20.0,86.0,4.025350093841553
7.597400188446045,0.3000000119209289,0.800000011920929,1.7000000476837158,113.3000030517578,22.0,483.0,4.216559886932373
5.888879776000977,9.0,1.0,0.2000000029802322,151.60000610351562,2.0,601.0,3.4657399654388428
5.641910076141357,4.599999904632568,2.5,0.699999988079071,229.0,2.0,125.0,2.833209991455078
6.41510009765625,3.5999999046325684,4.0,0.0,68.19999694824219,24.0,573.0,2.442349910736084
7.859409809112549,1.2999999523162842,2.200000047683716,0.2000000029802322,227.0,7.0,141.0,4.166669845581055
5.8636298179626465,-0.6000000238418579,0.6000000238418579,1.7000000476837158,142.0,1.0,79.0,4.222439765930176
7.822850227355957,3.4000000953674316,2.299999952316284,0.5,8.0,15.0,44.0,4.607170104980469
5.5053300857543945,1.5,4.300000190734863,0.2000000029802322,156.0,4.0,62.0,1.6292400360107422
8.198639869689941,2.4000000953674316,3.4000000953674316,0.4000000059604645,186.0,16.0,148.0,4.300000190734863
6.122489929199219,4.5,2.9000000953674316,0.6000000238418579,196.0,1.0,125.0,2.734369993209839
7.980710029602051,-11.600000381469728,3.0999999046325684,0.3000000119209289,78.80000305175781,9.0,444.0,4.899330139160156
7.917900085449219,2.700000047683716,2.5,0.0,212.0,9.0,131.0,4.0741400718688965
7.714230060577393,-2.0999999046325684,3.200000047683716,-0.1000000014901161,39.900001525878906,7.0,432.0,4.023560047149658
7.958930015563965,-1.7000000476837158,3.700000047683716,0.0,40.79999923706055,15.0,431.0,4.251349925994873
7.6162800788879395,5.099999904632568,2.9000000953674316,1.100000023841858,192.0,20.0,192.0,3.653249979019165
5.176149845123291,-2.700000047683716,2.200000047683716,1.5,219.0,3.0,153.0,4.2654900550842285
7.290289878845215,10.800000190734863,2.299999952316284,0.5,85.5,22.0,570.0,4.475059986114502
7.820839881896973,18.100000381469727,3.700000047683716,-2.0999999046325684,244.0,16.0,568.0,3.169689893722534
6.873159885406494,5.599999904632568,7.0,0.6000000238418579,191.0,21.0,125.0,2.8033599853515625
7.962069988250732,7.300000190734863,2.799999952316284,0.699999988079071,317.0,16.0,35.0,3.693870067596435
6.92165994644165,6.400000095367432,0.5,-2.0999999046325684,71.0,9.0,188.0,3.8856799602508545
7.6834001541137695,3.5999999046325684,2.9000000953674316,-0.3000000119209289,74.0,10.0,187.0,4.354139804840088
7.210080146789551,-1.7999999523162842,1.7999999523162842,1.100000023841858,2.0,21.0,135.0,4.412799835205078
4.8441901206970215,7.699999809265137,3.5,0.1000000014901161,81.80000305175781,4.0,589.0,3.0864899158477783
8.195890426635742,-3.200000047683716,2.0,3.0,211.6999969482422,17.0,400.0,4.378270149230957
6.864850044250488,0.800000011920929,1.5,-0.1000000014901161,231.5,23.0,540.0,3.8753600120544434
7.791940212249756,8.0,4.099999904632568,-0.2000000029802322,207.6000061035156,13.0,585.0,4.053520202636719
5.771440029144287,-0.4000000059604645,0.4000000059604645,1.899999976158142,240.3999938964844,2.0,539.0,4.1911702156066895
8.219059944152832,11.600000381469728,5.5,-2.5,231.3999938964844,8.0,586.0,3.1045899391174316
7.712440013885498,-9.899999618530272,2.700000047683716,0.699999988079071,78.0,21.0,119.0,4.1911702156066895
7.860189914703369,-4.900000095367432,2.5999999046325684,-0.1000000014901161,243.1000061035156,9.0,481.0,4.25560998916626
6.89769983291626,-1.399999976158142,4.800000190734863,-0.1000000014901161,72.0,23.0,57.0,3.1822099685668945
7.189919948577881,7.0,4.099999904632568,0.4000000059604645,159.0,22.0,212.0,2.7278499603271484
7.799749851226807,-0.800000011920929,0.800000011920929,1.100000023841858,80.0,18.0,113.0,4.28495979309082
5.541259765625,-1.399999976158142,2.200000047683716,1.7000000476837158,212.0,1.0,142.0,3.0955801010131836
7.942009925842285,-4.199999809265137,1.2999999523162842,-0.2000000029802322,240.0,15.0,74.0,4.391980171203613
5.204010009765625,6.699999809265137,1.5,0.0,80.5,2.0,592.0,3.246490001678467
7.425360202789307,1.100000023841858,1.5,2.200000047683716,273.1000061035156,20.0,540.0,4.275279998779297
6.643789768218994,-5.699999809265137,1.899999976158142,-0.3000000119209289,74.19999694824219,23.0,517.0,2.7850100994110107
7.830029964447021,6.400000095367432,4.300000190734863,-0.1000000014901161,30.399999618530273,13.0,397.0,3.795490026473999
5.176149845123291,-1.7000000476837158,0.4000000059604645,1.100000023841858,183.1000061035156,5.0,535.0,4.152609825134277
6.5366902351379395,-0.800000011920929,2.0,0.800000011920929,70.5999984741211,24.0,514.0,4.072440147399902
7.645880222320557,5.0,1.5,-1.100000023841858,243.1999969482422,14.0,527.0,4.3605499267578125
7.618249893188477,8.399999618530273,2.799999952316284,-1.100000023841858,133.10000610351562,13.0,581.0,3.072690010070801
4.624969959259033,-9.600000381469728,2.9000000953674316,0.800000011920929,73.0,6.0,86.0,2.7972800731658936
7.468510150909424,-3.5,0.699999988079071,0.2000000029802322,165.10000610351562,20.0,520.0,3.5973100662231445
7.748030185699463,-4.099999904632568,2.0,-0.1000000014901161,85.0,15.0,99.0,4.557030200958252
7.527259826660156,-6.400000095367432,3.299999952316284,0.0,60.5,13.0,435.0,4.708630084991455
7.887579917907715,-5.0,4.699999809265137,-0.1000000014901161,47.20000076293945,9.0,409.0,4.310800075531006
6.8035101890563965,-9.300000190734863,3.5999999046325684,0.3000000119209289,73.0,8.0,83.0,3.591820001602173
7.800980091094971,8.5,4.5,-0.2000000029802322,203.1999969482422,19.0,591.0,4.144720077514648
7.9634599685668945,3.5999999046325684,3.200000047683716,1.2000000476837158,268.0,18.0,42.0,3.02042007446289
6.914730072021484,4.800000190734863,4.599999904632568,0.2000000029802322,199.0,23.0,109.0,3.173880100250244
7.802619934082031,-4.599999904632568,5.699999809265137,-0.2000000029802322,81.0,18.0,122.0,4.306759834289551
7.511519908905029,0.4000000059604645,3.0,-0.800000011920929,89.80000305175781,11.0,398.0,3.815510034561157
7.47022008895874,10.800000190734863,2.5999999046325684,-3.5,262.0,12.0,203.0,2.8390800952911377
5.2729997634887695,-13.800000190734863,3.799999952316284,0.2000000029802322,79.0,5.0,95.0,3.839449882507324
8.149889945983887,5.400000095367432,3.0,0.1000000014901161,234.0,15.0,131.0,3.856509923934937
6.616069793701172,0.1000000014901161,0.4000000059604645,2.0,122.3000030517578,22.0,531.0,4.248499870300293
6.478509902954102,4.300000190734863,3.200000047683716,1.100000023841858,218.0,24.0,138.0,2.9652700424194336
7.597400188446045,2.5999999046325684,1.2999999523162842,0.2000000029802322,233.0,12.0,50.0,4.530449867248535
7.173190116882324,-6.0,5.599999904632568,-0.2000000029802322,65.5,22.0,408.0,3.214869976043701
4.919980049133301,6.0,3.900000095367432,-0.1000000014901161,72.0,2.0,576.0,3.1267600059509277
7.231289863586426,8.0,3.799999952316284,1.7000000476837158,207.8999938964844,22.0,583.0,3.502549886703491
7.566309928894043,-5.5,3.5,-0.1000000014901161,65.0999984741211,12.0,436.0,4.511960029602051
7.657279968261719,2.5,2.5,-0.2000000029802322,60.79999923706055,10.0,404.0,3.367300033569336
6.650279998779297,-3.700000047683716,0.5,1.2000000476837158,325.6000061035156,24.0,445.0,4.429629802703857
8.08887004852295,15.100000381469728,1.899999976158142,-5.099999904632568,240.6999969482422,9.0,599.0,4.039539813995361
5.937540054321289,-7.800000190734863,0.8999999761581421,1.0,111.6999969482422,6.0,447.0,4.146299839019775
5.433720111846924,7.0,4.699999809265137,0.0,27.5,2.0,593.0,1.974079966545105
7.773169994354248,2.200000047683716,3.700000047683716,-0.699999988079071,211.6999969482422,13.0,523.0,3.7658400535583496
6.393589973449707,-5.800000190734863,1.2000000476837158,1.2999999523162842,73.69999694824219,24.0,480.0,4.0163798332214355
7.855160236358643,6.5,5.199999809265137,-0.2000000029802322,69.0,19.0,196.0,3.0910398960113525
7.334330081939697,-14.699999809265137,0.800000011920929,0.0,212.0,17.0,457.0,4.070730209350586
7.648260116577148,4.800000190734863,4.400000095367432,-0.6000000238418579,229.0,13.0,141.0,3.941580057144165
7.6620001792907715,3.4000000953674316,2.9000000953674316,0.6000000238418579,23.0,18.0,174.0,3.430759906768799
7.725329875946045,-2.299999952316284,4.099999904632568,-0.1000000014901161,61.900001525878906,19.0,417.0,3.627000093460083
7.4610700607299805,-2.799999952316284,1.399999976158142,-0.1000000014901161,243.0,20.0,102.0,3.877429962158203
6.210599899291992,5.900000095367432,3.299999952316284,1.7999999523162842,248.0,24.0,41.0,3.0587100982666016
7.614809989929199,6.900000095367432,2.700000047683716,0.1000000014901161,178.0,19.0,190.0,3.912019968032837
5.438079833984375,-0.8999999761581421,1.600000023841858,4.300000190734863,96.0,6.0,49.0,3.966510057449341
7.432479858398437,-10.300000190734863,4.099999904632568,-0.2000000029802322,61.599998474121094,12.0,459.0,4.28495979309082
5.209489822387695,-12.899999618530272,1.100000023841858,1.600000023841858,219.5,3.0,489.0,4.177460193634033
6.758090019226074,-4.699999809265137,1.600000023841858,0.699999988079071,262.8999938964844,9.0,468.0,4.2654900550842285
6.582029819488525,2.200000047683716,1.7999999523162842,0.1000000014901161,64.19999694824219,6.0,549.0,4.010960102081299
5.823050022125244,4.599999904632568,4.300000190734863,0.3000000119209289,203.0,1.0,127.0,3.152740001678467
8.124150276184082,5.199999809265137,2.799999952316284,0.3000000119209289,209.0,8.0,33.0,4.195700168609619
4.736199855804443,2.9000000953674316,2.4000000953674316,0.6000000238418579,80.0,3.0,200.0,3.5292999744415283
7.892829895019531,-3.799999952316284,3.0,0.0,75.30000305175781,15.0,423.0,4.387010097503662
7.995639801025391,12.199999809265137,5.400000095367432,-1.399999976158142,234.0,17.0,203.0,2.9338600635528564
4.927249908447266,4.400000095367432,2.200000047683716,0.2000000029802322,82.0,2.0,170.0,3.2657599449157715
5.153289794921875,3.0999999046325684,1.5,0.0,179.0,3.0,202.0,2.833209991455078
7.782390117645264,4.800000190734863,6.5,-1.100000023841858,41.099998474121094,10.0,556.0,4.133570194244385
7.708409786224365,2.0999999046325684,3.0999999046325684,0.0,79.0,10.0,64.0,3.8044400215148926
8.238539695739746,-1.7000000476837158,5.400000095367432,-0.1000000014901161,58.20000076293945,17.0,417.0,4.123899936676025
7.828440189361572,3.5999999046325684,0.800000011920929,1.5,87.69999694824219,19.0,529.0,4.753590106964111
7.683859825134277,0.6000000238418579,4.699999809265137,-1.2000000476837158,58.20000076293945,10.0,417.0,4.403049945831299
7.70074987411499,11.5,7.300000190734863,-2.0999999046325684,216.0,14.0,210.0,2.7146899700164795
5.257500171661377,4.0,8.300000190734863,0.3000000119209289,218.0,5.0,46.0,2.879199981689453
7.977280139923096,4.900000095367432,2.799999952316284,0.3000000119209289,194.0,17.0,126.0,3.349900007247925
5.429349899291992,-7.699999809265137,2.5,0.8999999761581421,352.0,2.0,81.0,4.127130031585693
7.275859832763672,-7.199999809265137,1.2999999523162842,1.0,85.0,21.0,143.0,4.496469974517822
7.576099872589111,-5.5,5.0,-0.1000000014901161,82.0,17.0,118.0,3.848020076751709
7.821640014648437,16.100000381469727,3.0999999046325684,-1.5,259.29998779296875,17.0,563.0,3.424259901046753
8.17611026763916,-2.0,3.0,1.2999999523162842,222.5,17.0,509.0,4.072440147399902
8.141480445861816,-2.799999952316284,4.0,-0.3000000119209289,79.0,8.0,149.0,4.333360195159912
7.536359786987305,-2.200000047683716,1.7000000476837158,-0.699999988079071,250.0,13.0,137.0,4.261270046234131
8.169340133666992,-1.5,1.899999976158142,3.200000047683716,83.0,8.0,78.0,5.236440181732178
8.08672046661377,-13.600000381469728,3.0999999046325684,0.0,77.0,8.0,96.0,4.0741400718688965
7.066470146179199,0.2000000029802322,3.0,1.0,90.0,21.0,174.0,4.204689979553223
7.7106499671936035,15.800000190734863,3.700000047683716,-0.3000000119209289,136.39999389648438,16.0,595.0,3.5438499450683594
5.61313009262085,-4.400000095367432,2.9000000953674316,0.3000000119209289,74.0,1.0,101.0,3.813309907913208
8.052610397338867,8.0,6.800000190734863,-1.2000000476837158,280.1000061035156,16.0,546.0,3.173880100250244
7.465660095214844,6.400000095367432,9.600000381469728,0.6000000238418579,264.29998779296875,13.0,471.0,4.222439765930176
7.787380218505859,7.5,8.100000381469727,-0.5,220.0,15.0,156.0,3.877429962158203
7.965549945831299,1.100000023841858,3.900000095367432,0.0,78.0,9.0,59.0,4.00186014175415
5.996449947357178,8.600000381469727,2.5999999046325684,0.0,82.0,5.0,600.0,3.230799913406372
8.270529747009277,-5.099999904632568,1.399999976158142,-0.699999988079071,248.3000030517578,16.0,516.0,4.092679977416992
4.905270099639893,-8.899999618530273,3.900000095367432,0.4000000059604645,78.0999984741211,4.0,450.0,3.1354899406433105
5.976349830627441,-9.699999809265137,0.800000011920929,0.0,67.69999694824219,1.0,438.0,4.207670211791992
7.648260116577148,-4.099999904632568,2.9000000953674316,-0.4000000059604645,85.30000305175781,14.0,519.0,4.236999988555908
7.025539875030518,-1.600000023841858,2.9000000953674316,0.0,222.1999969482422,22.0,509.0,3.314189910888672
7.6207098960876465,-0.800000011920929,4.699999809265137,-0.1000000014901161,61.400001525878906,12.0,417.0,4.186620235443115
5.693729877471924,2.0,1.2000000476837158,0.4000000059604645,76.0,1.0,141.0,3.813309907913208
7.744140148162842,-1.2999999523162842,4.199999809265137,-0.2000000029802322,59.0,15.0,149.0,4.144720077514648
6.406879901885986,-4.099999904632568,2.0999999046325684,-0.1000000014901161,146.8000030517578,24.0,520.0,2.8735599517822266
7.880799770355225,-6.900000095367432,2.200000047683716,1.0,158.0,7.0,148.0,5.026509761810303
5.111989974975586,-4.400000095367432,4.199999809265137,-0.1000000014901161,55.0,4.0,119.0,1.7047499418258667
7.178549766540527,4.900000095367432,5.0,-0.6000000238418579,76.19999694824219,9.0,573.0,2.879199981689453
5.099870204925537,5.800000190734863,3.0,0.0,78.0,3.0,184.0,3.720860004425049
4.454349994659424,-2.799999952316284,5.300000190734863,0.4000000059604645,67.0,3.0,508.0,3.360379934310913
7.651599884033203,7.199999809265137,1.5,-0.4000000059604645,248.0,16.0,531.0,3.811100006103515
5.752570152282715,-7.400000095367432,0.8999999761581421,2.0999999046325684,293.0,11.0,93.0,3.916019916534424
6.549650192260742,-9.199999809265137,4.199999809265137,-0.2000000029802322,78.80000305175781,6.0,408.0,3.725689888000488
7.265429973602295,-1.7000000476837158,1.2999999523162842,1.399999976158142,114.0,21.0,50.0,5.130489826202393
8.196990013122559,-10.600000381469728,3.4000000953674316,0.3000000119209289,81.0999984741211,17.0,438.0,4.906020164489746
5.075170040130615,-4.800000190734863,0.6000000238418579,0.1000000014901161,103.6999969482422,2.0,520.0,3.725689888000488
8.039480209350586,4.900000095367432,5.099999904632568,-0.699999988079071,338.0,9.0,172.0,3.353410005569458
8.137100219726562,6.400000095367432,2.200000047683716,-2.5999999046325684,246.6000061035156,9.0,575.0,4.313479900360107
6.8543500900268555,1.2000000476837158,5.0,0.0,65.9000015258789,23.0,404.0,2.415910005569458
7.519149780273437,3.0,3.4000000953674316,0.6000000238418579,44.099998474121094,20.0,528.0,4.504240036010742
4.532599925994873,-6.5,2.700000047683716,0.0,77.5,6.0,451.0,2.360850095748902
4.859809875488281,-6.300000190734863,3.0999999046325684,0.6000000238418579,73.0,2.0,143.0,3.4843099117279053
7.555379867553711,-4.199999809265137,5.300000190734863,0.0,59.0,15.0,426.0,4.084290027618408
6.313549995422363,-13.5,0.8999999761581421,3.0,82.5,24.0,465.0,5.373889923095703
6.315360069274902,-10.399999618530272,2.5,-0.2000000029802322,62.29999923706055,6.0,460.0,4.160439968109131
7.526179790496826,-5.5,3.0,1.600000023841858,75.0,21.0,98.0,3.881560087203979
7.748030185699463,6.099999904632568,6.0,0.1000000014901161,180.0,15.0,128.0,4.080920219421387
6.930490016937256,2.5999999046325684,2.299999952316284,0.6000000238418579,193.0,23.0,163.0,3.238679885864258
4.76216983795166,1.7000000476837158,0.3000000119209289,1.2999999523162842,112.5,3.0,563.0,4.171309947967529
7.70481014251709,-0.2000000029802322,0.6000000238418579,1.399999976158142,220.0,12.0,79.0,5.582369804382324
5.6869797706604,11.0,1.2000000476837158,-4.099999904632568,286.6000061035156,7.0,594.0,2.424799919128418
7.63916015625,-10.199999809265137,4.199999809265137,-0.2000000029802322,58.599998474121094,15.0,459.0,4.310800075531006
7.675079822540283,3.200000047683716,1.7000000476837158,1.100000023841858,249.0,14.0,52.0,4.326779842376709
5.303299903869629,-0.6000000238418579,2.799999952316284,0.0,76.0,5.0,56.0,2.5095999240875244
7.1569600105285645,3.299999952316284,1.7000000476837158,0.5,90.0,22.0,191.0,4.382030010223389
7.9858198165893555,-2.299999952316284,4.199999809265137,-0.1000000014901161,77.0,18.0,399.0,3.716010093688965
7.973840236663818,7.400000095367432,1.7000000476837158,-0.2000000029802322,165.0,9.0,208.0,4.203199863433838
7.745440006256104,2.200000047683716,6.699999809265137,0.3000000119209289,56.599998474121094,10.0,470.0,4.317490100860596
5.509389877319336,-1.399999976158142,5.400000095367432,0.5,88.0,2.0,167.0,3.30689001083374
5.700439929962158,2.700000047683716,1.2000000476837158,1.7000000476837158,185.0,1.0,180.0,4.018179893493652
5.6203999519348145,6.199999809265137,3.5,0.0,70.9000015258789,5.0,582.0,3.277139902114868
7.02908992767334,4.5,2.799999952316284,0.2000000029802322,75.5,21.0,573.0,3.273360013961792
7.930570125579834,-8.199999809265137,2.5999999046325684,0.4000000059604645,50.400001525878906,18.0,407.0,3.9219698905944824
7.594880104064941,4.900000095367432,2.9000000953674316,-0.1000000014901161,77.0,11.0,170.0,4.0604400634765625
7.233459949493408,-2.200000047683716,6.099999904632568,-0.2000000029802322,62.900001525878906,21.0,418.0,2.995729923248291
7.606389999389648,5.5,5.400000095367432,-0.6000000238418579,54.900001525878906,11.0,528.0,4.079229831695557
7.856709957122803,6.300000190734863,3.5,-0.1000000014901161,77.0,7.0,185.0,4.172850131988525
7.590849876403809,7.5,6.099999904632568,-0.5,238.0,14.0,162.0,4.091010093688965
4.86752986907959,2.0999999046325684,3.0,0.6000000238418579,217.0,2.0,177.0,2.778820037841797
8.20302963256836,3.5,3.299999952316284,-0.2000000029802322,51.900001525878906,16.0,576.0,4.248499870300293
5.908080101013184,-8.100000381469727,3.799999952316284,-0.1000000014901161,48.5,1.0,456.0,2.595249891281128
5.402679920196533,1.2999999523162842,0.8999999761581421,0.699999988079071,68.4000015258789,5.0,581.0,3.1354899406433105
6.553929805755615,3.700000047683716,2.799999952316284,1.100000023841858,241.0,23.0,132.0,3.068049907684326
8.000009536743164,4.300000190734863,4.599999904632568,-0.2000000029802322,215.0,17.0,176.0,4.105939865112305
7.424759864807129,-3.200000047683716,4.900000095367432,-0.4000000059604645,78.9000015258789,12.0,399.0,3.2067999839782715
7.443659782409668,-4.5,5.099999904632568,-0.2000000029802322,47.900001525878906,13.0,409.0,4.100989818572998
7.584259986877441,10.5,2.0999999046325684,0.5,214.5,20.0,598.0,3.698829889297486
7.787799835205078,0.0,2.700000047683716,-0.1000000014901161,82.0,18.0,70.0,3.2846601009368896
7.999340057373047,4.800000190734863,2.5999999046325684,0.3000000119209289,194.0,16.0,126.0,3.749500036239624
7.088409900665283,0.699999988079071,1.100000023841858,0.5,295.0,22.0,114.0,3.815510034561157
7.121250152587891,5.699999809265137,1.5,1.0,65.4000015258789,23.0,593.0,3.972179889678955
8.057689666748047,2.299999952316284,1.2999999523162842,0.5,152.0,9.0,36.0,4.924349784851074
7.768529891967773,21.100000381469727,4.5,-3.5999999046325684,285.1000061035156,11.0,607.0,2.8903698921203613
7.041409969329834,-0.699999988079071,2.700000047683716,1.2000000476837158,73.0,22.0,72.0,3.795490026473999
5.968709945678711,11.100000381469728,2.0,0.2000000029802322,153.1999969482422,3.0,602.0,2.541599988937378
6.818920135498047,7.199999809265137,3.799999952316284,0.0,58.5,9.0,578.0,2.424799919128418
8.182279586791992,4.099999904632568,2.0999999046325684,0.3000000119209289,177.0,8.0,127.0,4.325459957122803
7.216710090637207,-0.800000011920929,3.5,0.3000000119209289,56.099998474121094,23.0,420.0,3.325040102005005
7.784890174865723,0.699999988079071,2.0999999046325684,0.6000000238418579,219.8999938964844,7.0,551.0,3.97406005859375
4.672830104827881,-14.300000190734863,0.5,2.299999952316284,257.3999938964844,4.0,466.0,5.329329967498779
4.317490100860596,1.7000000476837158,2.299999952316284,0.0,75.0,3.0,64.0,1.740470051765442
8.16137981414795,-2.200000047683716,1.7000000476837158,1.100000023841858,69.0,8.0,73.0,4.500919818878174
8.22603988647461,-5.599999904632568,2.5,0.0,87.0,17.0,68.0,4.34119987487793
7.802209854125977,2.5,5.0,0.1000000014901161,135.0,7.0,128.0,3.790980100631714
7.170889854431152,-5.300000190734863,2.5999999046325684,0.1000000014901161,69.4000015258789,22.0,442.0,3.839449882507324
7.888329982757568,3.799999952316284,1.100000023841858,2.200000047683716,34.900001525878906,19.0,532.0,4.503139972686768
7.657760143280029,3.0,1.899999976158142,2.0,265.0,19.0,540.0,4.366909980773926
7.404280185699463,-1.899999976158142,3.4000000953674316,-0.1000000014901161,43.099998474121094,21.0,431.0,3.7012999057769775
7.685699939727783,1.7999999523162842,1.7999999523162842,-1.100000023841858,269.0,10.0,138.0,4.758749961853027
8.083640098571777,-7.0,1.399999976158142,-0.1000000014901161,242.3000030517578,15.0,467.0,4.569540023803711
6.1633100509643555,-3.700000047683716,3.900000095367432,0.3000000119209289,30.899999618530273,1.0,406.0,1.2237800359725952
7.573019981384277,-4.599999904632568,0.800000011920929,1.2999999523162842,87.19999694824219,14.0,464.0,6.395090103149414
7.023759841918945,-13.600000381469728,2.9000000953674316,0.1000000014901161,82.0999984741211,22.0,488.0,4.241330146789551
7.972809791564941,6.300000190734863,4.199999809265137,-0.6000000238418579,81.0,9.0,194.0,4.578829765319824
5.814129829406738,-9.100000381469728,2.0999999046325684,0.6000000238418579,79.0,3.0,83.0,3.937690019607544
6.607999801635742,7.199999809265137,0.6000000238418579,1.2999999523162842,191.3999938964844,24.0,598.0,3.9298601150512695
7.356279850006104,4.400000095367432,2.4000000953674316,0.3000000119209289,76.5999984741211,20.0,573.0,3.3357698917388916
7.305860042572021,15.399999618530272,1.600000023841858,-2.200000047683716,279.20001220703125,14.0,565.0,2.9549100399017334
5.111989974975586,0.699999988079071,1.100000023841858,1.600000023841858,48.0,4.0,161.0,3.5553500652313232
5.568339824676514,4.800000190734863,1.600000023841858,0.6000000238418579,220.0,2.0,204.0,2.694629907608032
6.563859939575195,-1.2000000476837158,2.0999999046325684,1.899999976158142,192.8999938964844,6.0,446.0,4.326779842376709
7.84188985824585,0.4000000059604645,2.9000000953674316,1.899999976158142,279.0,18.0,43.0,4.881289958953857
7.675549983978272,-3.0999999046325684,1.2999999523162842,0.3000000119209289,82.0999984741211,14.0,423.0,4.565390110015869
8.310660362243652,11.300000190734863,3.4000000953674316,0.0,200.3000030517578,8.0,603.0,4.209159851074219
5.525450229644775,-5.800000190734863,5.0,-0.2000000029802322,70.0,7.0,441.0,3.2188799381256104
5.549079895019531,5.5,2.0,-0.1000000014901161,75.0999984741211,2.0,582.0,2.6532399654388428
8.064009666442871,3.5999999046325684,2.299999952316284,-0.3000000119209289,9.399999618530272,9.0,549.0,4.342510223388672
5.099870204925537,6.699999809265137,4.300000190734863,0.6000000238418579,183.8000030517578,2.0,590.0,3.6454501152038574
5.493060111999512,7.099999904632568,5.400000095367432,1.5,255.0,6.0,42.0,1.5475599765777588
7.741099834442139,-5.699999809265137,2.700000047683716,-0.5,85.4000015258789,10.0,401.0,4.1820502281188965
8.346400260925293,20.799999237060547,2.4000000953674316,-2.4000000953674316,230.0,16.0,605.0,4.1494598388671875
7.912059783935547,1.2000000476837158,3.299999952316284,0.699999988079071,219.0,19.0,537.0,3.8044400215148926
7.609370231628418,-0.1000000014901161,3.900000095367432,-0.2000000029802322,74.30000305175781,10.0,430.0,4.079229831695557
6.767340183258057,-6.800000190734863,3.299999952316284,0.0,76.30000305175781,24.0,450.0,3.1484498977661133
7.617269992828369,-4.199999809265137,3.700000047683716,-0.1000000014901161,217.8000030517578,10.0,481.0,4.242760181427002
5.802120208740234,2.200000047683716,1.0,1.2999999523162842,299.0,6.0,140.0,2.610069990158081
4.553880214691162,2.5,3.900000095367432,0.1000000014901161,195.5,3.0,548.0,3.194580078125
7.577630043029785,-0.2000000029802322,2.799999952316284,-0.1000000014901161,85.0,16.0,111.0,3.813309907913208
8.067460060119629,19.600000381469727,2.5999999046325684,-2.799999952316284,244.3999938964844,14.0,605.0,3.7704598903656006
5.6664299964904785,1.2999999523162842,2.0999999046325684,1.7999999523162842,226.8000030517578,6.0,546.0,2.766319990158081
5.4971699714660645,4.199999809265137,4.400000095367432,1.5,254.0,5.0,80.0,3.2108399868011475
8.07526969909668,3.4000000953674316,5.300000190734863,-0.8999999761581421,10.5,9.0,550.0,3.3741700649261475
8.020270347595215,-5.199999809265137,4.300000190734863,-0.1000000014901161,17.0,16.0,116.0,3.720860004425049
7.602399826049805,-3.900000095367432,2.799999952316284,0.0,76.0,10.0,68.0,4.76216983795166
8.256349563598633,8.399999618530273,3.0999999046325684,-0.5,225.0,17.0,207.0,4.014579772949219
7.247079849243164,-10.600000381469728,5.5,0.0,62.5,10.0,456.0,4.304069995880127
7.932720184326172,-3.900000095367432,4.0,-0.3000000119209289,78.4000015258789,15.0,452.0,3.1780500411987305
4.3944501876831055,1.2999999523162842,4.400000095367432,0.0,115.0,4.0,59.0,1.3609800338745115
7.668560028076172,-2.9000000953674316,1.600000023841858,0.699999988079071,65.30000305175781,20.0,446.0,4.409160137176514
7.266129970550537,0.8999999761581421,0.8999999761581421,0.4000000059604645,90.0,21.0,75.0,4.0289201736450195
7.706160068511963,2.0999999046325684,6.300000190734863,0.0,44.400001525878906,13.0,574.0,2.8903698921203613
8.118510246276855,0.6000000238418579,7.099999904632568,-0.2000000029802322,74.5999984741211,8.0,425.0,3.881560087203979
7.753190040588379,-5.599999904632568,1.5,0.1000000014901161,238.8000030517578,10.0,445.0,4.518519878387451
7.652070045471191,-4.5,4.199999809265137,-0.2000000029802322,100.0,19.0,423.0,4.010960102081299
7.660109996795654,6.400000095367432,3.5,-0.2000000029802322,90.8000030517578,20.0,571.0,3.742419958114624
7.590350151062012,11.699999809265137,6.400000095367432,-0.2000000029802322,235.0,13.0,34.0,3.716010093688965
6.705639839172363,-5.599999904632568,2.4000000953674316,-0.4000000059604645,75.5,10.0,518.0,2.850709915161133
8.171319961547852,-5.599999904632568,3.5,0.6000000238418579,79.0,8.0,101.0,4.513050079345703
7.76216983795166,12.199999809265137,6.199999809265137,-2.0999999046325684,221.0,14.0,193.0,3.9945199489593506
7.226210117340088,-6.5,3.799999952316284,-0.1000000014901161,52.0,21.0,89.0,2.406949996948242
7.5342302322387695,1.600000023841858,1.7000000476837158,-1.5,336.0,11.0,135.0,3.912019968032837
7.491650104522705,-9.5,2.0,-0.1000000014901161,77.30000305175781,20.0,437.0,4.458990097045898
7.839529991149902,11.5,2.5,-2.700000047683716,243.6000061035156,15.0,575.0,3.788719892501831
7.618740081787109,-12.600000381469728,2.0999999046325684,0.5,81.0,15.0,91.0,3.9219698905944824
7.827239990234375,17.799999237060547,3.5,-1.7000000476837158,254.1000061035156,17.0,568.0,3.169689893722534
7.595890045166016,-2.700000047683716,1.2999999523162842,1.2000000476837158,159.10000610351562,19.0,400.0,4.46245002746582
4.812180042266846,2.700000047683716,1.899999976158142,0.3000000119209289,204.1999969482422,2.0,479.0,2.9285199642181396
7.87283992767334,1.7000000476837158,1.2000000476837158,1.399999976158142,97.0,15.0,78.0,5.781050205230713
5.659480094909668,-5.099999904632568,3.900000095367432,0.0,46.5,7.0,406.0,1.2809300422668457
8.042059898376465,6.199999809265137,1.2000000476837158,1.2999999523162842,261.0,18.0,33.0,4.091010093688965
7.157740116119385,-1.100000023841858,1.600000023841858,-0.1000000014901161,65.0,22.0,150.0,3.62965989112854
6.244170188903809,2.700000047683716,1.5,0.4000000059604645,196.8999938964844,24.0,478.0,3.3775899410247803
8.142060279846191,-5.099999904632568,1.5,1.5,237.0,8.0,152.0,5.547130107879639
4.499810218811035,3.900000095367432,3.5999999046325684,0.1000000014901161,68.0,3.0,198.0,2.6390600204467773
6.575079917907715,6.199999809265137,1.2999999523162842,1.100000023841858,226.0,24.0,200.0,3.992680072784424
4.644390106201172,-3.299999952316284,1.899999976158142,1.2999999523162842,88.0,3.0,51.0,3.660989999771118
4.983610153198242,-5.599999904632568,4.300000190734863,-0.1000000014901161,78.0,5.0,85.0,2.827310085296631
7.723559856414795,-5.099999904632568,0.699999988079071,-0.2000000029802322,216.6000061035156,11.0,445.0,4.295919895172119
7.761320114135742,0.0,0.699999988079071,0.6000000238418579,147.6999969482422,18.0,470.0,4.948760032653809
6.180019855499268,8.899999618530273,4.800000190734863,1.0,215.0,1.0,34.0,2.687849998474121
7.215980052947998,8.800000190734863,2.0999999046325684,0.699999988079071,90.0999984741211,21.0,579.0,4.048299789428711
5.509389877319336,10.300000190734863,2.200000047683716,1.399999976158142,37.400001525878906,4.0,608.0,3.328629970550537
4.990429878234863,1.2999999523162842,2.299999952316284,2.200000047683716,277.0,2.0,53.0,4.139959812164307
7.042290210723877,-5.199999809265137,2.5,-0.3000000119209289,73.0,11.0,85.0,3.742419958114624
7.353079795837402,2.4000000953674316,1.100000023841858,0.8999999761581421,77.0,21.0,187.0,4.280819892883301
4.127130031585693,2.5,5.599999904632568,0.3000000119209289,213.5,3.0,526.0,2.7972800731658936
7.769800186157227,6.099999904632568,2.5,-1.0,237.1999969482422,13.0,545.0,3.6558399200439458
7.587309837341309,2.0999999046325684,3.4000000953674316,-0.699999988079071,354.0,11.0,40.0,4.025350093841553
5.638350009918213,-13.800000190734863,1.0,1.7999999523162842,61.0,7.0,91.0,3.440419912338257
7.642039775848389,10.199999809265137,2.5999999046325684,-2.0999999046325684,249.5,14.0,534.0,4.424849987030029
5.26269006729126,-0.8999999761581421,1.100000023841858,2.0999999046325684,271.0,5.0,48.0,3.9435200691223145
7.252049922943115,7.099999904632568,2.4000000953674316,0.4000000059604645,63.0,21.0,197.0,4.2180399894714355
5.192959785461426,-18.600000381469727,2.700000047683716,0.800000011920929,86.0,5.0,92.0,3.4499900341033936
7.319859981536865,16.799999237060547,3.4000000953674316,-0.3000000119209289,41.5,17.0,564.0,2.5257298946380615
7.68064022064209,0.3000000119209289,1.2999999523162842,1.399999976158142,221.8000030517578,19.0,469.0,4.4704999923706055
8.156800270080566,-0.699999988079071,5.099999904632568,0.0,57.20000076293945,16.0,425.0,4.1820502281188965
6.947939872741699,-3.4000000953674316,0.6000000238418579,-0.5,97.0,11.0,119.0,3.173880100250244
7.142039775848389,-1.600000023841858,2.0999999046325684,2.0,85.0,22.0,78.0,4.623990058898926
5.062600135803223,-2.0999999046325684,2.5,-0.1000000014901161,81.69999694824219,4.0,400.0,2.734369993209839
6.131229877471924,3.5,8.399999618530273,0.6000000238418579,209.8999938964844,7.0,475.0,3.2581000328063965
6.858570098876953,-4.800000190734863,3.0999999046325684,-0.1000000014901161,86.0,23.0,115.0,3.226840019226074
5.398159980773926,0.699999988079071,1.2999999523162842,0.800000011920929,208.0,6.0,180.0,2.9806199073791504
5.14749002456665,-9.0,1.2999999523162842,0.4000000059604645,77.0,2.0,88.0,3.8437399864196777
8.167070388793945,6.300000190734863,4.800000190734863,-0.3000000119209289,61.0,15.0,194.0,4.261270046234131
6.617400169372559,2.200000047683716,3.900000095367432,0.0,67.0,6.0,199.0,3.397860050201416
7.432479858398437,8.899999618530273,2.0,-2.4000000953674316,201.3999938964844,12.0,581.0,3.39451003074646
7.763020038604736,12.300000190734863,2.0,-3.700000047683716,273.3999938964844,11.0,563.0,4.364369869232178
5.424950122833252,1.100000023841858,3.799999952316284,-0.1000000014901161,79.0,5.0,70.0,2.261759996414185
7.127689838409424,0.1000000014901161,4.199999809265137,1.0,235.0,22.0,141.0,3.440419912338257
7.419980049133301,-4.599999904632568,3.0,-0.1000000014901161,82.0,20.0,115.0,4.127130031585693
6.891630172729492,0.1000000014901161,1.0,0.5,334.0,23.0,66.0,2.9806199073791504
7.972469806671143,-4.800000190734863,3.700000047683716,0.0,16.0,18.0,116.0,3.6506600379943848
7.750179767608643,9.899999618530272,1.7999999523162842,-1.2999999523162842,266.29998779296875,14.0,529.0,4.251349925994873
7.425360202789307,4.0,5.800000190734863,0.2000000029802322,184.6000061035156,20.0,402.0,3.6584200859069824
7.637229919433594,-5.400000095367432,4.099999904632568,-0.2000000029802322,72.5,17.0,440.0,3.990829944610596
6.551080226898193,-12.0,2.799999952316284,0.4000000059604645,82.5,6.0,444.0,4.441470146179199
4.983610153198242,1.7999999523162842,3.5,0.3000000119209289,121.0,4.0,128.0,2.2823801040649414
6.575079917907715,5.0,0.800000011920929,0.3000000119209289,262.70001220703125,6.0,403.0,3.927900075912475
7.092569828033447,4.599999904632568,3.4000000953674316,0.2000000029802322,194.0,22.0,109.0,3.3568999767303467
7.832009792327881,-0.2000000029802322,0.6000000238418579,-0.3000000119209289,99.6999969482422,7.0,541.0,4.188139915466309
7.553289890289307,-0.8999999761581421,1.100000023841858,-0.3000000119209289,92.0,13.0,51.0,4.201700210571289
7.237780094146728,11.899999618530272,4.199999809265137,-1.2999999523162842,233.0,15.0,180.0,2.415910005569458
8.20083999633789,-9.0,2.4000000953674316,0.0,84.0,8.0,100.0,4.333360195159912
5.817110061645508,1.2999999523162842,3.799999952316284,0.3000000119209289,33.0,5.0,174.0,1.5892399549484253
8.264619827270508,7.699999809265137,2.5999999046325684,-0.800000011920929,69.0999984741211,16.0,571.0,4.048299789428711
5.056250095367432,-7.0,3.200000047683716,-0.1000000014901161,67.0,20.0,85.0,2.6532399654388428
7.731929779052734,2.5999999046325684,4.199999809265137,-0.2000000029802322,77.9000015258789,14.0,514.0,4.067319869995117
5.993959903717041,1.600000023841858,1.7000000476837158,1.5,209.1000061035156,1.0,545.0,3.8628299236297607
7.641079902648926,6.699999809265137,2.299999952316284,-0.4000000059604645,247.0,10.0,33.0,3.9815499782562256
7.745870113372803,1.600000023841858,2.0999999046325684,-0.1000000014901161,146.0,17.0,167.0,3.813309907913208
5.14749002456665,-6.5,1.7000000476837158,0.800000011920929,184.0,5.0,154.0,4.316150188446045
5.6664299964904785,6.699999809265137,2.4000000953674316,-0.1000000014901161,66.0999984741211,5.0,592.0,3.339319944381714
7.34922981262207,-0.4000000059604645,1.899999976158142,1.0,77.0,21.0,72.0,3.966510057449341
4.454349994659424,-13.800000190734863,4.199999809265137,0.2000000029802322,80.0,4.0,95.0,3.860729932785034
4.584969997406006,1.7999999523162842,2.299999952316284,0.1000000014901161,59.0,4.0,164.0,2.5649499893188477
7.68202018737793,3.5,5.0,-1.0,78.0,11.0,166.0,4.309460163116455
6.529419898986816,9.5,6.5,-0.800000011920929,210.0,10.0,35.0,2.9444398880004883
7.757909774780273,5.199999809265137,4.599999904632568,-0.800000011920929,214.0,14.0,176.0,4.174389839172363
5.789959907531738,8.399999618530273,0.5,-2.5999999046325684,108.5,7.0,588.0,2.9549100399017334
8.162229537963867,4.699999809265137,5.900000095367432,0.4000000059604645,207.0,17.0,128.0,4.032470226287842
