Total_Mortality,Cardiovascular_Mortality,Temperature,Relative_Humidity,Carbon_Monoxide,Sulfur_Dioxideglm.LAshumway,Nitrogen_Dioxide,Hydrocarbons,Ozone,Particulates,target
183.6300048828125,97.8499984741211,72.37999725341797,29.200000762939453,11.510000228881836,3.369999885559082,9.640000343322754,45.790000915527344,6.690000057220459,72.72000122070312,11.899999618530272
191.0500030517578,104.63999938964844,67.19000244140625,67.51000213623047,8.920000076293945,2.5899999141693115,10.050000190734863,43.900001525878906,6.829999923706055,49.599998474121094,10.75
180.08999633789062,94.36000061035156,62.939998626708984,61.41999816894531,9.479999542236328,3.2899999618530273,7.800000190734863,32.18000030517578,4.980000019073486,55.68000030517578,9.329999923706056
184.6699981689453,98.0500030517578,72.48999786376953,58.9900016784668,10.279999732971191,3.0399999618530273,13.390000343322754,40.43000030517578,9.25,55.15999984741211,9.539999961853027
173.60000610351562,95.8499984741211,74.25,34.79999923706055,10.56999969482422,3.390000104904175,11.899999618530272,48.529998779296875,9.149999618530272,66.0199966430664,8.270000457763672
183.72999572753903,95.9800033569336,67.87999725341797,66.77999877929688,7.989999771118164,2.569999933242798,10.109999656677246,48.61000061035156,8.800000190734863,44.0099983215332,7.550000190734863
171.7899932861328,88.62999725341797,74.19999694824219,35.15999984741211,10.510000228881836,2.3499999046325684,9.489999771118164,38.7599983215332,7.420000076293945,47.83000183105469,9.119999885559082
177.9499969482422,90.8499984741211,74.87999725341797,55.86000061035156,9.84000015258789,3.380000114440918,10.720000267028809,45.189998626708984,10.68000030517578,43.599998474121094,7.760000228881836
180.00999450683594,92.05999755859376,64.16999816894531,52.68000030517578,6.610000133514404,1.5,5.769999980926514,31.649999618530273,5.849999904632568,24.989999771118164,7.46999979019165
163.7100067138672,88.75,67.08999633789062,50.939998626708984,7.900000095367432,2.559999942779541,7.429999828338623,40.20000076293945,7.630000114440918,40.40999984741211,7.440000057220459
179.58999633789062,94.5999984741211,78.29000091552734,32.72999954223633,10.739999771118164,3.0399999618530273,12.18000030517578,48.689998626708984,8.510000228881836,51.93000030517578,8.90999984741211
174.42999267578125,92.86000061035156,68.06999969482422,55.72999954223633,5.889999866485596,2.640000104904175,7.389999866485596,32.93000030517578,7.860000133514404,32.2599983215332,9.729999542236328
187.41000366210935,98.0199966430664,86.69999694824219,37.86000061035156,12.699999809265137,5.139999866485596,20.700000762939453,72.22000122070312,15.6899995803833,73.6500015258789,9.859999656677246
163.3699951171875,87.63999938964844,69.43000030517578,63.45000076293945,4.820000171661377,2.869999885559082,7.860000133514404,37.38999938964844,9.520000457763672,30.149999618530273,8.039999961853027
182.3699951171875,97.4000015258789,75.22000122070312,62.61000061035156,7.099999904632568,3.5399999618530273,10.010000228881836,41.790000915527344,11.31999969482422,41.099998474121094,10.729999542236328
156.69000244140625,83.23999786376953,77.29000091552734,65.41000366210938,6.289999961853027,2.6700000762939453,10.119999885559082,34.380001068115234,13.420000076293944,41.529998779296875,6.730000019073486
174.63999938964844,86.5999984741211,69.95999908447266,63.209999084472656,5.03000020980835,1.5499999523162842,4.78000020980835,32.709999084472656,4.639999866485596,29.459999084472656,7.769999980926514
174.83999633789062,90.69000244140624,79.3499984741211,63.68000030517578,7.809999942779541,2.930000066757202,11.0600004196167,42.560001373291016,14.550000190734863,51.130001068115234,8.229999542236328
165.49000549316406,82.86000061035156,82.94000244140625,52.79999923706055,7.96999979019165,3.640000104904175,13.270000457763672,52.34000015258789,12.720000267028809,41.369998931884766,10.3100004196167
186.94000244140625,99.05999755859376,89.79000091552734,50.70000076293945,9.529999732971191,5.909999847412109,18.280000686645508,63.79999923706055,19.940000534057617,59.4900016784668,10.279999732971191
164.5,81.0,80.19000244140625,65.8499984741211,7.550000190734863,3.690000057220459,12.510000228881836,37.4900016784668,12.460000038146973,48.25,9.079999923706056
174.94000244140625,93.18000030517578,87.58000183105469,55.119998931884766,8.609999656677246,4.300000190734863,12.390000343322754,61.25,16.8799991607666,51.72999954223633,5.460000038146973
164.8699951171875,86.86000061035156,81.76000213623047,62.040000915527344,6.730000019073486,3.9700000286102295,10.5,42.7400016784668,13.81999969482422,44.209999084472656,5.349999904632568
169.5399932861328,89.3499984741211,86.79000091552734,48.9900016784668,9.779999732971191,4.980000019073486,13.770000457763672,59.400001525878906,17.950000762939453,59.59000015258789,5.639999866485596
173.9600067138672,87.12999725341797,87.45999908447266,55.93000030517578,9.279999732971191,5.639999866485596,16.049999237060547,65.62000274658203,20.040000915527344,60.81999969482422,7.829999923706055
171.35000610351562,88.38999938964844,88.20999908447266,55.279998779296875,9.079999923706056,3.990000009536743,10.5,60.369998931884766,14.630000114440918,55.0099983215332,9.199999809265137
163.97000122070312,85.37999725341797,83.4000015258789,62.7599983215332,7.5,4.199999809265137,12.229999542236328,48.90999984741211,14.5600004196167,50.59000015258789,5.809999942779541
165.42999267578125,83.95999908447266,86.0999984741211,55.65999984741211,9.800000190734863,4.480000019073486,14.949999809265137,75.04000091552734,15.25,55.04999923706055,6.75
173.2100067138672,84.94999694824219,82.16000366210938,58.61000061035156,8.930000305175781,3.9600000381469727,13.81999969482422,59.349998474121094,17.399999618530273,48.0,8.329999923706055
171.30999755859375,86.80999755859375,81.30999755859375,64.7300033569336,9.8100004196167,3.650000095367432,12.619999885559082,58.81999969482422,13.970000267028809,55.369998931884766,8.40999984741211
166.9600067138672,85.25,78.98999786376953,60.08000183105469,12.34000015258789,4.909999847412109,18.510000228881836,86.87000274658203,16.190000534057617,64.44000244140625,6.53000020980835
181.75,94.72000122070312,92.55999755859376,28.690000534057617,16.31999969482422,4.260000228881836,16.520000457763672,75.19000244140625,11.550000190734863,75.0,8.210000038146973
174.0399932861328,90.95999908447266,84.5,55.630001068115234,13.609999656677246,4.019999980926514,18.61000061035156,83.37999725341797,13.75,61.459999084472656,7.75
168.36000061035156,87.7300033569336,76.44000244140625,58.0,11.640000343322754,2.950000047683716,12.90999984741211,58.91999816894531,9.4399995803833,50.040000915527344,7.760000228881836
172.41000366210938,92.58000183105467,73.97000122070312,75.33999633789062,10.1899995803833,3.7300000190734863,12.970000267028809,64.79000091552734,13.380000114440918,49.900001525878906,7.159999847412109
167.5500030517578,87.0199966430664,69.62999725341797,65.55000305175781,9.760000228881836,2.0199999809265137,7.860000133514404,47.900001525878906,3.5299999713897705,51.13999938964844,7.46999979019165
175.6300048828125,92.68000030517578,81.05000305175781,36.880001068115234,22.190000534057617,4.980000019073486,23.969999313354492,100.12000274658205,11.43000030517578,77.87999725341797,9.630000114440918
176.39999389648438,97.9499969482422,69.56999969482422,76.5199966430664,11.020000457763672,3.049999952316284,12.8100004196167,65.55999755859375,5.079999923706055,46.709999084472656,7.559999942779541
182.8800048828125,94.19000244140624,78.05000305175781,37.25,19.36000061035156,3.7300000190734863,17.520000457763672,78.05999755859375,6.320000171661377,73.86000061035156,6.929999828338623
180.9199981689453,93.9499969482422,70.61000061035156,62.41999816894531,20.549999237060547,3.5299999713897705,19.350000381469727,81.83999633789062,7.900000095367432,76.87000274658203,6.78000020980835
170.0,92.29000091552734,60.95000076293945,70.80000305175781,10.81999969482422,2.240000009536743,7.550000190734863,52.41999816894531,2.9700000286102295,39.849998474121094,5.53000020980835
180.77999877929688,93.4800033569336,67.73999786376953,60.77000045776367,20.049999237060547,3.0299999713897705,11.1899995803833,85.30000305175781,3.849999904632568,71.5199966430664,10.510000228881836
179.5800018310547,97.41000366210938,68.5,48.970001220703125,18.600000381469727,2.809999942779541,10.9399995803833,72.7699966430664,4.159999847412109,63.869998931884766,8.319999694824219
184.82000732421875,96.9800033569336,54.84000015258789,76.25,11.899999618530272,2.0,6.690000057220459,56.2400016784668,2.359999895095825,48.810001373291016,9.18000030517578
189.3699951171875,106.5999984741211,60.58000183105469,58.65999984741211,16.829999923706055,2.2699999809265137,9.43000030517578,68.27999877929688,2.299999952316284,68.81999969482422,8.789999961853027
200.22999572753903,112.41000366210938,62.13999938964844,51.86000061035156,14.65999984741211,2.9000000953674316,12.779999732971191,64.05999755859375,3.069999933242798,64.38999938964844,8.3100004196167
212.2400054931641,118.58999633789062,51.2599983215332,51.459999084472656,13.600000381469728,3.309999942779541,7.840000152587891,71.52999877929688,2.0,81.76000213623047,12.390000343322754
203.75,107.9000015258789,72.55000305175781,58.5099983215332,20.290000915527344,3.440000057220459,17.34000015258789,83.08000183105469,5.610000133514404,73.55000305175781,12.420000076293944
202.1999969482422,111.81999969482422,64.41999816894531,70.88999938964844,14.130000114440918,3.130000114440918,14.380000114440918,75.70999908447266,8.050000190734863,67.98999786376953,14.079999923706056
188.9900054931641,102.77999877929688,78.25,41.459999084472656,22.38999938964844,4.420000076293945,23.200000762939453,82.08999633789062,5.699999809265137,75.37000274658203,13.93000030517578
190.97000122070312,100.62999725341795,59.16999816894531,72.19000244140625,11.149999618530272,3.5999999046325684,16.540000915527344,66.8499984741211,6.320000171661377,65.2300033569336,12.149999618530272
206.97000122070312,106.54000091552734,80.88999938964844,42.119998931884766,19.959999084472656,4.860000133514404,24.010000228881836,84.11000061035156,10.170000076293944,69.91000366210938,12.630000114440918
186.7100067138672,105.38999938964844,58.630001068115234,65.19000244140625,8.40999984741211,1.7899999618530271,7.510000228881836,47.29999923706055,3.240000009536743,44.34000015258789,11.029999732971191
192.80999755859375,104.98999786376952,62.5,39.2400016784668,7.360000133514404,2.950000047683716,7.940000057220459,47.77000045776367,4.860000133514404,40.79999923706055,10.84000015258789
196.22999572753903,102.72000122070312,67.5199966430664,36.0,11.449999809265137,3.640000104904175,11.789999961853027,71.76000213623047,4.639999866485596,55.09000015258789,9.260000228881836
185.6199951171875,104.66999816894533,63.560001373291016,62.52000045776367,6.630000114440918,2.7899999618530273,8.109999656677246,56.79999923706055,5.050000190734863,38.439998626708984,11.779999732971191
202.41000366210935,103.3000030517578,74.87000274658203,49.33000183105469,10.109999656677246,3.7699999809265137,13.220000267028809,73.63999938964844,7.789999961853027,53.540000915527344,16.049999237060547
182.3699951171875,98.45999908447266,64.9800033569336,76.1500015258789,6.230000019073486,3.25,11.359999656677246,53.83000183105469,8.630000114440918,42.459999084472656,12.119999885559082
188.66000366210935,100.77999877929688,82.69999694824219,36.279998779296875,11.149999618530272,4.78000020980835,15.949999809265137,66.87999725341797,11.029999732971191,53.220001220703125,10.050000190734863
174.08999633789062,94.43000030517578,72.62999725341797,55.54999923706055,7.920000076293945,3.369999885559082,11.15999984741211,60.33000183105469,10.829999923706056,44.40999984741211,8.380000114440918
166.77999877929688,92.16000366210938,65.36000061035156,64.93000030517578,5.380000114440918,2.240000009536743,7.829999923706055,42.38999938964844,5.909999847412109,31.290000915527344,6.940000057220459
167.17999267578125,92.12999725341795,63.33000183105469,53.689998626708984,5.630000114440918,2.0,7.320000171661377,42.349998474121094,5.090000152587891,31.100000381469727,8.319999694824219
175.9199981689453,95.04000091552734,66.0999984741211,65.66999816894531,5.71999979019165,2.7799999713897705,8.960000038146973,40.36000061035156,6.869999885559082,35.91999816894531,6.659999847412109
161.66000366210938,86.87999725341797,64.8499984741211,67.61000061035156,6.409999847412109,2.380000114440918,8.220000267028809,45.93000030517578,5.119999885559082,37.72999954223633,7.78000020980835
175.3699951171875,95.29000091552734,76.37000274658203,62.439998626708984,6.269999980926514,3.2699999809265137,10.720000267028809,51.41999816894531,10.15999984741211,35.0,6.940000057220459
165.5500030517578,85.38999938964844,75.2699966430664,49.65999984741211,6.349999904632568,2.819999933242798,10.579999923706056,49.7599983215332,8.720000267028809,36.25,6.75
169.82000732421875,92.62999725341795,65.1500015258789,71.12999725341797,3.4000000953674316,2.2300000190734863,6.699999809265137,35.060001373291016,4.199999809265137,22.75,6.559999942779541
179.47000122070312,88.72000122070312,69.62000274658203,63.790000915527344,4.699999809265137,1.950000047683716,9.0600004196167,46.43000030517578,8.260000228881836,32.2599983215332,6.119999885559082
170.36000061035156,87.08999633789062,72.80999755859375,68.47000122070312,5.090000152587891,2.569999933242798,10.390000343322754,44.459999084472656,8.59000015258789,34.77000045776367,6.809999942779541
170.16000366210938,83.91999816894531,85.56999969482422,55.880001068115234,7.920000076293945,4.940000057220459,20.36000061035156,70.02999877929688,18.670000076293945,52.72999954223633,6.449999809265137
167.49000549316406,89.01000213623047,78.58000183105469,65.6500015258789,5.099999904632568,3.450000047683716,11.31999969482422,38.0,11.289999961853027,36.59000015258789,6.809999942779541
163.16000366210938,78.13999938964844,77.31999969482422,65.20999908447266,4.730000019073486,2.8299999237060547,9.609999656677246,40.56999969482422,10.670000076293944,30.040000915527344,7.099999904632568
175.1300048828125,92.83999633789062,87.2699966430664,50.88999938964844,7.960000038146973,4.75,18.09000015258789,61.380001068115234,16.520000457763672,49.90999984741211,7.460000038146973
171.63999938964844,88.6500015258789,86.29000091552734,57.09000015258789,6.28000020980835,3.490000009536743,14.359999656677246,52.93000030517578,11.739999771118164,42.599998474121094,7.369999885559082
163.77000427246094,86.66000366210938,83.55000305175781,64.87000274658203,5.460000038146973,3.839999914169311,11.350000381469728,38.630001068115234,13.850000381469728,35.88999938964844,6.539999961853027
166.97000122070312,82.04000091552734,88.56999969482422,56.9900016784668,6.880000114440918,4.079999923706055,14.699999809265137,50.95000076293945,13.229999542236328,41.7599983215332,7.869999885559082
192.58999633789065,105.1500015258789,95.33999633789062,46.560001373291016,8.859999656677246,6.489999771118164,18.200000762939453,60.060001373291016,16.799999237060547,47.029998779296875,9.1899995803833
175.1699981689453,94.19000244140624,88.18000030517578,59.09000015258789,6.369999885559082,4.050000190734863,11.119999885559082,48.86000061035156,11.170000076293944,36.619998931884766,7.800000190734863
160.4199981689453,83.98999786376953,82.70999908447266,66.41000366210938,4.639999866485596,3.119999885559082,7.869999885559082,36.22999954223633,11.600000381469728,31.399999618530273,6.940000057220459
172.58999633789062,88.22000122070312,89.80000305175781,49.83000183105469,9.0600004196167,4.829999923706055,13.420000076293944,63.33000183105469,15.609999656677246,46.7599983215332,6.139999866485596
166.42999267578125,85.58999633789062,81.62999725341797,63.939998626708984,4.920000076293945,3.3499999046325684,9.15999984741211,49.68000030517578,11.079999923706056,30.600000381469727,7.380000114440918
184.6699981689453,99.20999908447266,98.9499969482422,43.45000076293945,12.40999984741211,6.53000020980835,21.149999618530273,79.61000061035156,19.3700008392334,60.58000183105469,8.029999732971191
168.7100067138672,87.7699966430664,82.58000183105469,66.54000091552734,5.630000114440918,3.0999999046325684,9.579999923706056,41.29999923706055,8.720000267028809,33.29999923706055,8.770000457763672
170.7899932861328,90.38999938964844,79.73999786376953,56.689998626708984,9.56999969482422,3.5299999713897705,12.770000457763672,60.380001068115234,10.670000076293944,50.08000183105469,4.570000171661377
165.97999572753906,82.25,77.30999755859375,46.54999923706055,9.210000038146973,2.3399999141693115,9.859999656677246,44.47999954223633,5.199999809265137,46.9900016784668,8.890000343322754
187.1000061035156,102.91999816894533,99.87999725341795,29.940000534057617,17.1299991607666,6.570000171661377,23.100000381469727,88.80000305175781,16.90999984741211,73.06999969482422,9.25
164.10000610351562,86.83999633789062,69.19000244140625,64.0999984741211,7.21999979019165,4.070000171661377,11.630000114440918,40.95000076293945,6.360000133514404,50.279998779296875,8.1899995803833
183.75,97.22000122070312,76.29000091552734,50.72999954223633,13.529999732971191,3.619999885559082,14.5,72.7300033569336,7.610000133514404,71.5999984741211,9.109999656677246
174.67999267578125,94.97000122070312,64.27999877929688,44.220001220703125,8.430000305175781,1.919999957084656,6.900000095367432,43.400001525878906,2.7699999809265137,50.09000015258789,9.029999732971191
189.6999969482422,104.86000061035156,78.61000061035156,51.209999084472656,16.809999465942383,6.039999961853027,22.790000915527344,78.4800033569336,8.390000343322754,82.8499984741211,9.18000030517578
163.22999572753906,80.52999877929688,65.87000274658203,65.8499984741211,9.899999618530272,3.9200000762939458,15.760000228881836,55.68000030517578,4.46999979019165,58.36000061035156,6.869999885559082
174.7899932861328,102.47000122070312,68.18000030517578,45.619998931884766,14.130000114440918,3.109999895095825,10.0,59.880001068115234,3.0299999713897705,62.630001068115234,7.300000190734863
177.8699951171875,97.8000030517578,65.9800033569336,74.5199966430664,13.420000076293944,3.7699999809265137,18.709999084472656,72.48999786376953,5.710000038146973,71.2699966430664,6.110000133514404
180.77999877929688,95.27999877929688,63.95000076293945,44.65999984741211,9.760000228881836,3.049999952316284,7.949999809265137,47.2599983215332,1.590000033378601,50.849998474121094,6.829999923706055
187.52999877929688,105.63999938964844,57.650001525878906,49.77000045776367,11.270000457763672,2.8399999141693115,9.119999885559082,50.54999923706055,2.2899999618530273,65.12999725341797,9.81999969482422
187.3800048828125,106.44000244140624,64.2699966430664,43.5,15.630000114440918,4.190000057220459,12.369999885559082,67.5199966430664,2.119999885559082,74.73999786376953,9.130000114440918
199.5800018310547,110.6500015258789,55.18000030517578,93.01000213623048,7.789999961853027,1.9299999475479128,5.639999866485596,39.029998779296875,1.4600000381469729,39.59000015258789,12.09000015258789
212.9600067138672,114.41000366210938,63.52000045776367,45.41999816894531,12.949999809265137,3.359999895095825,9.079999923706056,59.880001068115234,2.640000104904175,69.66999816894531,13.59000015258789
206.97000122070312,115.9800033569336,63.95000076293945,55.25,16.950000762939453,5.920000076293945,15.920000076293944,77.36000061035156,3.130000114440918,84.2300033569336,13.1899995803833
205.0,112.72000122070312,69.91000366210938,54.59000015258789,19.75,5.489999771118164,21.899999618530273,86.98999786376953,3.069999933242798,84.95999908447266,15.4399995803833
208.2599945068359,115.98999786376952,58.900001525878906,76.87000274658203,10.550000190734863,4.96999979019165,15.579999923706056,63.40999984741211,3.9200000762939458,67.68000030517578,13.56999969482422
193.27000427246097,104.13999938964844,65.25,44.81999969482422,13.329999923706056,2.5299999713897705,8.9399995803833,61.86000061035156,3.430000066757202,58.619998931884766,16.40999984741211
196.52999877929688,109.3000030517578,62.790000915527344,54.939998626708984,11.420000076293944,3.9800000190734863,12.399999618530272,63.130001068115234,3.3499999046325684,57.02000045776367,11.270000457763672
200.7100067138672,111.47000122070312,71.43000030517578,47.33000183105469,13.619999885559082,3.1500000953674316,14.739999771118164,69.45999908447266,5.78000020980835,64.58000183105469,13.520000457763672
193.92999267578125,102.66999816894533,68.72000122070312,69.02999877929688,12.020000457763672,5.440000057220459,19.200000762939453,72.73999786376953,7.800000190734863,63.25,14.859999656677246
182.1199951171875,101.33999633789062,66.95999908447266,69.19000244140625,10.460000038146973,4.920000076293945,14.039999961853027,71.27999877929688,8.760000228881836,56.91999816894531,9.239999771118164
176.60000610351562,94.97000122070312,75.68000030517578,61.630001068115234,7.809999942779541,4.900000095367432,15.5,61.84000015258789,8.170000076293945,46.59000015258789,9.18000030517578
167.4600067138672,90.4800033569336,68.56999969482422,77.30999755859375,8.25,4.820000171661377,15.1899995803833,57.08000183105469,9.729999542236328,49.20000076293945,7.929999828338623
177.1999969482422,93.6999969482422,68.62000274658203,76.62000274658203,6.460000038146973,4.480000019073486,13.100000381469728,45.88999938964844,11.59000015258789,48.54999923706055,9.75
161.35000610351562,81.87000274658203,69.61000061035156,61.0099983215332,7.510000228881836,3.890000104904175,10.539999961853027,51.25,7.829999923706055,39.15999984741211,8.470000267028809
166.6300048828125,91.12000274658205,71.88999938964844,50.68000030517578,7.849999904632568,3.75,11.380000114440918,55.70000076293945,8.350000381469727,43.59000015258789,7.619999885559082
164.14999389648438,90.5500030517578,73.66000366210938,63.970001220703125,8.40999984741211,4.019999980926514,14.239999771118164,64.05999755859375,8.470000267028809,43.2599983215332,7.570000171661377
163.89999389648438,89.62000274658203,70.66999816894531,44.0099983215332,6.53000020980835,2.7799999713897705,7.590000152587891,45.08000183105469,5.449999809265137,35.86000061035156,5.489999771118164
172.5500030517578,91.62999725341795,69.9000015258789,56.93000030517578,7.489999771118164,2.640000104904175,10.600000381469728,49.33000183105469,8.4399995803833,40.400001525878906,7.150000095367432
171.5800018310547,89.22000122070312,80.2300033569336,53.68000030517578,7.420000076293945,4.96999979019165,14.109999656677246,57.400001525878906,12.140000343322754,44.84000015258789,7.650000095367432
163.02999877929688,84.80999755859375,67.16000366210938,65.61000061035156,3.890000104904175,2.4600000381469727,5.949999809265137,38.90999984741211,5.670000076293945,28.719999313354492,8.359999656677246
177.75999450683594,95.0,81.70999908447266,58.16999816894531,7.989999771118164,4.570000171661377,13.239999771118164,59.880001068115234,14.399999618530272,44.400001525878906,7.519999980926514
159.69000244140625,83.7699966430664,66.19999694824219,61.68000030517578,3.680000066757202,1.9700000286102295,5.570000171661377,33.709999084472656,5.230000019073486,24.239999771118164,7.349999904632568
186.44000244140625,98.26000213623048,80.79000091552734,57.93000030517578,6.980000019073486,2.490000009536743,9.149999618530272,51.38999938964844,8.979999542236328,37.130001068115234,6.389999866485596
161.11000061035156,82.87000274658203,84.12000274658203,62.310001373291016,5.230000019073486,3.490000009536743,11.029999732971191,43.099998474121094,15.479999542236328,38.0099983215332,5.860000133514404
166.0500030517578,85.51000213623047,75.5199966430664,69.23999786376953,5.53000020980835,2.5299999713897705,8.180000305175781,46.20000076293945,7.579999923706055,32.220001220703125,7.489999771118164
159.72999572753906,84.66999816894531,81.55000305175781,61.70000076293945,5.21999979019165,3.319999933242798,9.949999809265137,44.08000183105469,12.350000381469728,32.86000061035156,5.230000019073486
165.14999389648438,84.44999694824219,75.87999725341797,64.70999908447266,4.690000057220459,2.259999990463257,6.889999866485596,46.0099983215332,5.769999980926514,25.829999923706055,7.320000171661377
174.22999572753906,93.95999908447266,82.44999694824219,64.22000122070312,5.420000076293945,4.78000020980835,10.880000114440918,52.65999984741211,15.010000228881836,37.95000076293945,6.460000038146973
167.5500030517578,82.47000122070312,84.86000061035156,55.849998474121094,6.440000057220459,5.329999923706055,11.460000038146973,62.060001373291016,13.239999771118164,36.93000030517578,7.889999866485596
168.97000122070312,89.18000030517578,84.93000030517578,63.04999923706055,5.46999979019165,3.4600000381469727,9.539999961853027,40.58000183105469,13.720000267028809,34.029998779296875,7.239999771118164
172.83999633789062,87.33000183105469,79.7300033569336,57.13999938964844,4.920000076293945,2.8499999046325684,6.940000057220459,40.16999816894531,8.520000457763672,27.68000030517578,9.079999923706056
182.27999877929688,92.66999816894533,97.1999969482422,37.779998779296875,10.06999969482422,5.079999923706055,18.950000762939453,68.87999725341797,17.799999237060547,52.619998931884766,6.489999771118164
179.8000030517578,93.83000183105467,85.97000122070312,56.7400016784668,5.570000171661377,3.650000095367432,10.949999809265137,45.650001525878906,11.149999618530272,36.5099983215332,10.199999809265137
162.85000610351562,86.6500015258789,82.0,67.5199966430664,4.739999771118164,2.859999895095825,9.380000114440918,39.349998474121094,9.829999923706056,33.529998779296875,6.71999979019165
163.8800048828125,89.3499984741211,81.94999694824219,55.27000045776367,6.590000152587891,2.75,10.619999885559082,48.630001068115234,10.109999656677246,39.939998626708984,5.889999866485596
157.8800048828125,77.97000122070312,83.55999755859375,60.2400016784668,6.21999979019165,3.049999952316284,11.050000190734863,47.560001373291016,9.8100004196167,36.849998474121094,5.28000020980835
164.1199951171875,86.05999755859375,86.13999938964844,62.279998779296875,6.53000020980835,3.1500000953674316,11.350000381469728,48.400001525878906,10.9399995803833,38.93000030517578,8.170000076293945
161.41000366210938,83.33999633789062,77.62999725341797,68.0199966430664,4.400000095367432,2.440000057220459,6.090000152587891,38.189998626708984,5.320000171661377,24.549999237060547,5.710000038146973
164.72000122070312,87.3499984741211,77.19000244140625,60.77000045776367,7.670000076293945,3.869999885559082,12.43000030517578,63.099998474121094,11.300000190734863,48.88999938964844,5.570000171661377
166.38999938964844,90.58000183105467,82.16000366210938,53.099998474121094,8.390000343322754,2.5899999141693115,12.670000076293944,49.31999969482422,9.470000267028809,48.689998626708984,6.03000020980835
160.66000366210938,84.72000122070312,78.56999969482422,65.91999816894531,7.420000076293945,3.7200000286102295,10.56999969482422,58.27000045776367,8.34000015258789,42.709999084472656,4.559999942779541
160.69000244140625,88.31999969482422,78.91999816894531,52.900001525878906,8.100000381469727,2.6700000762939453,10.270000457763672,48.86000061035156,5.389999866485596,42.34000015258789,7.559999942779541
157.6999969482422,82.62000274658203,74.47000122070312,59.720001220703125,9.119999885559082,1.9800000190734863,9.18000030517578,53.599998474121094,3.7100000381469727,50.97999954223633,4.820000171661377
172.85000610351562,92.5199966430664,71.01000213623047,69.58000183105469,10.039999961853027,4.300000190734863,11.609999656677246,54.02000045776367,7.059999942779541,56.66999816894531,8.109999656677246
164.7899932861328,86.7300033569336,72.19999694824219,51.77000045776367,10.5600004196167,2.950000047683716,9.8100004196167,56.86000061035156,4.420000076293945,61.5099983215332,6.769999980926514
181.13999938964844,99.54000091552734,72.58999633789062,52.470001220703125,14.359999656677246,3.9600000381469727,16.989999771118164,66.41999816894531,7.25,73.11000061035156,8.75
176.92999267578125,95.5,65.80000305175781,61.400001525878906,9.079999923706056,2.819999933242798,8.289999961853027,49.52000045776367,2.130000114440918,57.47999954223633,6.71999979019165
171.27000427246094,92.33999633789062,64.16000366210938,73.12000274658203,10.550000190734863,2.6600000858306885,7.880000114440918,43.11000061035156,2.9600000381469727,56.630001068115234,7.96999979019165
183.2400054931641,97.48999786376952,73.18000030517578,39.77000045776367,13.84000015258789,3.2200000286102295,14.460000038146973,62.869998931884766,4.239999771118164,67.47000122070312,8.069999694824219
182.27999877929688,97.9000015258789,74.70999908447266,48.31999969482422,16.639999389648438,3.5999999046325684,16.979999542236328,68.3499984741211,3.9800000190734863,71.63999938964844,9.140000343322754
178.82000732421875,97.54000091552734,50.90999984741211,59.88999938964844,8.039999961853027,1.919999957084656,7.130000114440918,36.15999984741211,1.850000023841858,54.52000045776367,6.119999885559082
187.83999633789065,103.77999877929688,66.45999908447266,33.41999816894531,12.800000190734863,3.049999952316284,11.460000038146973,57.540000915527344,2.119999885559082,74.9800033569336,10.720000267028809
201.02000427246097,110.16999816894533,75.4800033569336,57.06999969482422,17.600000381469727,3.319999933242798,16.639999389648438,76.33000183105469,3.940000057220459,74.94999694824219,11.739999771118164
197.3800048828125,116.04000091552734,67.77999877929688,28.5,10.18000030517578,3.4200000762939453,7.889999866485596,51.97999954223633,2.680000066757202,57.29999923706055,13.760000228881836
222.55999755859375,132.0399932861328,56.68000030517578,50.040000915527344,11.130000114440918,2.240000009536743,7.409999847412109,48.34000015258789,2.7300000190734863,71.58999633789062,17.780000686645508
229.32000732421875,126.9499969482422,70.08000183105469,68.58999633789062,14.210000038146973,3.509999990463257,14.9399995803833,62.290000915527344,3.2799999713897705,69.80000305175781,26.239999771118164
231.72999572753903,121.11000061035156,58.58000183105469,57.41999816894531,8.140000343322754,1.9299999475479128,6.269999980926514,41.720001220703125,2.4600000381469727,47.91999816894531,30.43000030517578
216.6699981689453,119.3000030517578,67.69999694824219,44.68000030517578,11.699999809265137,2.9700000286102295,10.829999923706056,53.869998931884766,2.809999942779541,63.779998779296875,22.950000762939453
213.8999938964844,118.1999969482422,63.880001068115234,61.22999954223633,10.31999969482422,2.0199999809265137,8.75,44.97999954223633,2.359999895095825,59.7599983215332,22.989999771118164
181.94000244140625,102.36000061035156,59.06999969482422,88.30999755859375,6.630000114440918,2.200000047683716,6.909999847412109,37.779998779296875,2.559999942779541,40.040000915527344,13.109999656677246
175.47000122070312,98.44000244140624,68.55000305175781,50.31999969482422,9.270000457763672,2.7300000190734863,9.300000190734863,49.08000183105469,3.2300000190734863,47.439998626708984,10.739999771118164
181.3500061035156,97.87000274658205,68.3499984741211,64.48999786376953,7.460000038146973,2.140000104904175,8.890000343322754,43.599998474121094,3.25,42.77000045776367,10.380000114440918
160.02000427246094,92.9800033569336,65.5999984741211,70.98999786376953,7.639999866485596,2.109999895095825,8.729999542236328,43.88999938964844,4.28000020980835,41.5099983215332,7.420000076293945
172.3000030517578,96.16000366210938,58.75,73.58000183105469,5.409999847412109,1.7899999618530271,6.320000171661377,33.93000030517578,2.7100000381469727,31.86000061035156,5.760000228881836
161.41000366210938,86.83000183105469,65.66999816894531,51.0,7.079999923706055,2.430000066757202,7.070000171661377,47.41999816894531,4.210000038146973,41.68000030517578,9.06999969482422
166.9499969482422,91.08999633789062,59.849998474121094,68.0199966430664,5.210000038146973,2.0799999237060547,6.380000114440918,40.060001373291016,3.9200000762939458,29.06999969482422,6.170000076293945
166.67999267578125,92.5,63.95000076293945,52.47999954223633,5.179999828338623,2.25,5.619999885559082,39.439998626708984,3.849999904632568,30.829999923706055,6.059999942779541
173.35000610351562,90.63999938964844,77.13999938964844,33.34000015258789,7.570000171661377,2.1600000858306885,10.65999984741211,44.20000076293945,6.909999847412109,44.47999954223633,7.829999923706055
142.1300048828125,80.69000244140625,66.58999633789062,69.43000030517578,5.260000228881836,3.2799999713897705,9.760000228881836,44.119998931884766,6.909999847412109,38.349998474121094,6.179999828338623
181.07000732421875,99.91000366210938,72.86000061035156,41.209999084472656,5.670000076293945,2.2200000286102295,7.010000228881836,37.900001525878906,4.849999904632568,30.979999542236328,8.579999923706055
157.49000549316406,89.08999633789062,67.87000274658203,69.81999969482422,4.710000038146973,3.059999942779541,10.460000038146973,37.36000061035156,7.690000057220459,37.459999084472656,7.409999847412109
166.52000427246094,94.25,73.61000061035156,52.79999923706055,5.75,2.4100000858306885,9.890000343322754,43.900001525878906,7.300000190734863,39.56999969482422,7.360000133514404
166.77000427246094,93.33000183105467,71.44999694824219,70.45999908447266,5.409999847412109,3.4100000858306885,12.460000038146973,44.779998779296875,11.09000015258789,40.279998779296875,6.96999979019165
149.8699951171875,84.08000183105469,69.97000122070312,74.58000183105469,4.0,2.430000066757202,8.5600004196167,31.43000030517578,7.840000152587891,31.63999938964844,5.539999961853027
156.97999572753906,86.37000274658203,78.48999786376953,57.90999984741211,5.650000095367432,3.759999990463257,11.350000381469728,41.720001220703125,11.100000381469728,36.15999984741211,5.900000095367432
158.2899932861328,86.61000061035156,72.5199966430664,68.79000091552734,3.690000057220459,2.4800000190734863,6.679999828338623,33.150001525878906,5.849999904632568,26.969999313354492,5.269999980926514
160.14999389648438,82.47000122070312,84.83999633789062,58.959999084472656,6.960000038146973,4.269999980926514,16.059999465942383,48.31999969482422,15.640000343322754,45.7599983215332,6.190000057220459
155.77999877929688,82.7300033569336,72.97000122070312,64.95999908447266,4.329999923706055,1.7000000476837158,5.829999923706055,32.45000076293945,6.949999809265137,28.170000076293945,5.179999828338623
176.36000061035156,98.29000091552734,96.2300033569336,39.189998626708984,8.229999542236328,4.71999979019165,16.940000534057617,59.279998779296875,19.59000015258789,47.47999954223633,8.5600004196167
160.89999389648438,87.0199966430664,81.68000030517578,65.75,4.889999866485596,4.929999828338623,11.119999885559082,42.779998779296875,14.279999732971191,37.470001220703125,6.510000228881836
167.10000610351562,91.12999725341795,83.16999816894531,62.189998626708984,5.329999923706055,4.570000171661377,11.18000030517578,46.65999984741211,12.949999809265137,38.22999954223633,6.320000171661377
152.1999969482422,80.2300033569336,79.41999816894531,66.0,3.4600000381469727,3.200000047683716,7.869999885559082,32.72999954223633,10.300000190734863,30.469999313354492,5.840000152587891
155.67999267578125,81.36000061035156,78.63999938964844,65.55000305175781,5.139999866485596,4.239999771118164,10.300000190734863,40.27000045776367,11.84000015258789,32.5,6.650000095367432
163.24000549316406,82.80000305175781,86.44000244140625,58.689998626708984,6.210000038146973,4.730000019073486,13.229999542236328,53.66999816894531,14.649999618530272,42.099998474121094,7.739999771118164
164.60000610351562,87.23999786376953,82.08000183105469,66.83999633789062,4.78000020980835,4.099999904632568,10.699999809265137,36.29999923706055,10.90999984741211,33.91999816894531,6.559999942779541
155.52000427246094,79.37000274658203,80.7300033569336,64.81999969482422,4.28000020980835,3.75,9.420000076293944,34.619998931884766,12.880000114440918,30.540000915527344,5.670000076293945
160.35000610351562,86.83000183105469,87.68000030517578,60.06999969482422,7.360000133514404,5.909999847412109,14.579999923706056,53.630001068115234,12.960000038146973,45.70000076293945,7.739999771118164
151.2899932861328,82.0,81.44000244140625,54.81999969482422,5.760000228881836,3.849999904632568,10.050000190734863,42.88999938964844,9.619999885559082,37.029998779296875,5.460000038146973
150.07000732421875,77.95999908447266,77.33999633789062,66.30999755859375,3.880000114440918,2.7799999713897705,7.929999828338623,40.86000061035156,8.789999961853027,30.5,5.420000076293945
152.13999938964844,79.69000244140625,75.18000030517578,69.87000274658203,4.199999809265137,2.5999999046325684,8.710000038146973,41.7400016784668,9.789999961853027,33.470001220703125,5.619999885559082
158.47000122070312,87.31999969482422,75.8499984741211,67.5999984741211,4.900000095367432,3.2300000190734863,8.739999771118164,36.9900016784668,11.510000228881836,36.95000076293945,6.849999904632568
163.5,85.33000183105469,74.23999786376953,71.33000183105469,6.099999904632568,4.050000190734863,10.920000076293944,47.0,10.600000381469728,41.08000183105469,5.46999979019165
171.61000061035156,92.0199966430664,87.77999877929688,42.369998931884766,11.140000343322754,3.950000047683716,13.350000381469728,56.060001373291016,12.329999923706056,56.15999984741211,7.800000190734863
157.0800018310547,84.02999877929688,69.08999633789062,72.8499984741211,5.590000152587891,3.4600000381469727,9.789999961853027,48.77000045776367,8.140000343322754,41.310001373291016,8.4399995803833
163.17999267578125,83.44999694824219,82.08000183105469,45.70000076293945,13.210000038146973,4.429999828338623,16.0,65.37999725341797,10.829999923706056,66.01000213623047,7.059999942779541
160.42999267578125,82.3499984741211,79.83999633789062,58.56999969482422,10.390000343322754,3.849999904632568,16.3799991607666,62.369998931884766,7.650000095367432,56.459999084472656,7.889999866485596
165.24000549316406,89.16999816894531,82.80000305175781,44.40999984741211,13.329999923706056,4.010000228881836,18.25,62.72999954223633,7.909999847412109,62.060001373291016,8.600000381469727
161.72000122070312,82.23999786376953,73.55999755859375,46.869998931884766,10.34000015258789,2.930000066757202,13.31999969482422,51.959999084472656,5.099999904632568,54.20000076293945,8.1899995803833
173.22000122070312,93.3499984741211,73.73999786376953,60.27000045776367,13.510000228881836,5.650000095367432,19.540000915527344,69.76000213623047,9.619999885559082,73.04000091552734,6.53000020980835
161.8800048828125,89.16000366210938,63.939998626708984,71.51000213623047,7.889999866485596,1.8600000143051147,6.389999866485596,43.939998626708984,2.509999990463257,45.540000915527344,5.889999866485596
167.38999938964844,95.12999725341795,63.08000183105469,55.279998779296875,8.880000114440918,2.9200000762939453,7.630000114440918,45.209999084472656,2.9700000286102295,53.33000183105469,8.100000381469727
167.55999755859375,89.0999984741211,64.79000091552734,56.90999984741211,12.470000267028809,3.440000057220459,10.81999969482422,57.06999969482422,2.6500000953674316,67.7699966430664,7.25
181.6499938964844,100.31999969482422,75.44999694824219,35.7599983215332,16.170000076293945,3.299999952316284,13.979999542236328,69.88999938964844,3.2300000190734863,75.61000061035156,7.380000114440918
167.27999877929688,95.61000061035156,67.12000274658203,67.01000213623047,13.989999771118164,3.640000104904175,15.890000343322754,60.4900016784668,3.809999942779541,71.45999908447266,5.579999923706055
177.08999633789062,99.61000061035156,69.12000274658203,38.880001068115234,11.81999969482422,3.0999999046325684,11.760000228881836,53.79999923706055,2.890000104904175,63.290000915527344,9.020000457763672
183.33999633789065,105.81999969482422,61.560001373291016,71.80000305175781,8.899999618530273,2.25,11.18000030517578,51.290000915527344,2.630000114440918,62.040000915527344,7.329999923706055
184.8300018310547,104.1999969482422,51.220001220703125,71.04000091552734,5.070000171661377,1.100000023841858,4.989999771118164,31.75,2.0999999046325684,38.939998626708984,7.119999885559082
173.11000061035156,95.4499969482422,64.27999877929688,67.30999755859375,11.93000030517578,2.390000104904175,9.699999809265137,55.130001068115234,2.740000009536743,63.310001373291016,7.980000019073486
164.2100067138672,90.4800033569336,65.41000366210938,80.37000274658203,11.9399995803833,2.759999990463257,15.609999656677246,56.130001068115234,3.369999885559082,67.73999786376953,10.380000114440918
164.72999572753906,93.58000183105467,65.44999694824219,47.15999984741211,13.149999618530272,3.259999990463257,12.010000228881836,53.13999938964844,2.799999952316284,73.76000213623047,6.329999923706055
170.83999633789062,91.70999908447266,65.68000030517578,63.68000030517578,12.800000190734863,3.259999990463257,16.219999313354492,59.31999969482422,4.989999771118164,70.12999725341797,8.800000190734863
178.25,95.29000091552734,72.25,27.81999969482422,11.260000228881836,2.7899999618530273,11.880000114440918,54.52000045776367,4.230000019073486,65.87000274658203,8.010000228881836
170.86000061035156,94.69000244140624,63.18000030517578,66.25,9.399999618530272,3.200000047683716,11.710000038146973,54.7400016784668,4.679999828338623,53.97999954223633,8.760000228881836
179.92999267578125,102.5,71.55000305175781,36.560001373291016,8.579999923706055,2.1500000953674316,9.489999771118164,49.209999084472656,4.139999866485596,52.54999923706055,7.260000228881836
171.4600067138672,98.58000183105467,67.30000305175781,60.869998931884766,8.15999984741211,2.7100000381469727,10.989999771118164,47.75,5.46999979019165,47.86000061035156,7.670000076293945
186.6699981689453,107.12000274658205,59.63999938964844,70.02999877929688,7.119999885559082,2.0,7.260000228881836,43.43000030517578,4.329999923706055,46.349998474121094,6.320000171661377
176.9600067138672,99.29000091552734,73.43000030517578,70.30000305175781,11.0,3.700000047683716,16.360000610351562,65.55999755859375,12.979999542236328,63.720001220703125,7.579999923706055
173.22999572753906,96.8499984741211,61.90999984741211,73.68000030517578,3.950000047683716,1.5099999904632568,5.090000152587891,39.70000076293945,3.880000114440918,30.780000686645508,8.819999694824219
158.69000244140625,89.0199966430664,64.8499984741211,75.9800033569336,4.659999847412109,2.240000009536743,6.519999980926514,39.720001220703125,4.010000228881836,30.020000457763672,5.769999980926514
171.67999267578125,96.2699966430664,74.43000030517578,44.970001220703125,5.809999942779541,1.940000057220459,8.90999984741211,53.209999084472656,9.010000228881836,38.4900016784668,6.21999979019165
173.05999755859375,97.5500030517578,74.38999938964844,53.310001373291016,5.960000038146973,2.299999952316284,11.3100004196167,63.380001068115234,9.760000228881836,42.060001373291016,9.06999969482422
161.24000549316406,85.16000366210938,70.80000305175781,58.939998626708984,5.460000038146973,2.490000009536743,9.510000228881836,41.41999816894531,9.18000030517578,37.61000061035156,6.110000133514404
171.5399932861328,94.7699966430664,72.48999786376953,53.43000030517578,4.53000020980835,2.4800000190734863,9.0,38.04999923706055,8.010000228881836,40.20000076293945,6.090000152587891
161.77000427246094,85.44999694824219,70.05999755859375,67.04000091552734,3.690000057220459,2.200000047683716,7.75,32.849998474121094,7.320000171661377,29.690000534057617,6.460000038146973
174.47000122070312,97.45999908447266,70.25,73.87999725341797,3.640000104904175,2.259999990463257,7.699999809265137,31.729999542236328,9.420000076293944,29.530000686645508,6.369999885559082
158.66000366210938,83.30999755859375,66.51000213623047,60.439998626708984,3.259999990463257,1.850000023841858,6.110000133514404,28.690000534057617,4.110000133514404,25.86000061035156,4.539999961853027
163.64999389648438,91.41000366210938,83.11000061035156,54.400001525878906,5.480000019073486,2.759999990463257,12.649999618530272,50.900001525878906,12.729999542236328,38.95000076293945,6.389999866485596
159.22999572753906,88.83999633789062,71.29000091552734,69.3499984741211,3.380000114440918,2.259999990463257,6.150000095367432,31.489999771118164,7.590000152587891,25.700000762939453,5.389999866485596
159.86000061035156,86.44000244140625,75.48999786376953,70.83000183105469,3.4600000381469727,2.569999933242798,6.71999979019165,33.20000076293945,9.989999771118164,27.84000015258789,5.230000019073486
160.61000061035156,82.08000183105469,80.9800033569336,58.400001525878906,4.769999980926514,2.549999952316284,10.40999984741211,39.95000076293945,14.720000267028809,35.81999969482422,6.670000076293945
157.4600067138672,83.62999725341797,83.5199966430664,50.77000045776367,5.28000020980835,4.260000228881836,11.0,43.779998779296875,9.710000038146973,35.45000076293945,5.230000019073486
168.85000610351562,95.22000122070312,88.2699966430664,46.790000915527344,6.789999961853027,3.839999914169311,13.800000190734863,47.7400016784668,16.030000686645508,42.619998931884766,8.520000457763672
149.94000244140625,80.27999877929688,77.87999725341797,63.290000915527344,2.9000000953674316,1.7899999618530271,6.099999904632568,34.5099983215332,8.819999694824219,25.6299991607666,5.199999809265137
162.13999938964844,85.58999633789062,82.2300033569336,57.970001220703125,5.079999923706055,2.549999952316284,9.920000076293944,44.709999084472656,11.760000228881836,33.959999084472656,5.909999847412109
161.36000061035156,84.68000030517578,90.75,48.16999816894531,6.099999904632568,3.0199999809265137,13.619999885559082,58.59000015258789,15.25,42.150001525878906,7.019999980926514
156.82000732421875,81.52999877929688,86.58000183105469,61.209999084472656,4.880000114440918,2.5299999713897705,10.0,46.650001525878906,11.020000457763672,37.380001068115234,7.070000171661377
165.19000244140625,89.19999694824219,84.80000305175781,65.69000244140625,4.550000190734863,2.490000009536743,8.640000343322754,34.529998779296875,10.81999969482422,30.579999923706055,7.659999847412109
143.5399932861328,74.51000213623047,80.31999969482422,67.11000061035156,3.0399999618530273,1.8600000143051147,6.860000133514404,31.780000686645508,11.199999809265137,23.68000030517578,5.150000095367432
156.6300048828125,81.8499984741211,80.2300033569336,60.689998626708984,4.880000114440918,2.2200000286102295,8.649999618530273,42.599998474121094,12.640000343322754,33.099998474121094,4.800000190734863
153.0399932861328,81.97000122070312,82.87999725341797,65.3499984741211,4.710000038146973,2.9000000953674316,10.449999809265137,41.31999969482422,15.600000381469728,36.66999816894531,6.820000171661377
162.55999755859375,85.01000213623047,85.0,53.939998626708984,6.539999961853027,3.390000104904175,13.260000228881836,50.47999954223633,14.859999656677246,38.599998474121094,6.730000019073486
162.77999877929688,86.9800033569336,88.95999908447266,59.43000030517578,7.710000038146973,3.8299999237060542,13.729999542236328,48.29999923706055,16.100000381469727,45.790000915527344,7.329999923706055
156.22999572753906,81.66999816894531,78.11000061035156,68.5,5.409999847412109,2.700000047683716,8.34000015258789,37.68000030517578,10.520000457763672,33.459999084472656,6.989999771118164
161.39999389648438,91.11000061035156,85.05999755859375,60.54999923706055,9.289999961853027,4.590000152587891,16.700000762939453,58.029998779296875,16.149999618530273,50.93000030517578,6.489999771118164
158.36000061035156,83.37999725341797,76.38999938964844,69.69999694824219,6.079999923706055,2.490000009536743,9.329999923706056,42.04999923706055,10.15999984741211,41.470001220703125,5.78000020980835
163.80999755859375,86.18000030517578,74.2300033569336,65.5999984741211,6.380000114440918,2.3299999237060547,8.829999923706055,41.20000076293945,7.110000133514404,28.149999618530273,7.75
166.33999633789062,89.93000030517578,76.41999816894531,65.7300033569336,9.170000076293944,2.4600000381469727,11.979999542236328,46.90999984741211,8.3100004196167,54.619998931884766,6.21999979019165
167.5800018310547,91.81999969482422,83.68000030517578,50.47999954223633,12.720000267028809,3.900000095367432,20.020000457763672,62.75,10.699999809265137,59.459999084472656,7.800000190734863
166.7100067138672,92.2699966430664,67.62000274658203,71.4000015258789,6.840000152587891,1.9700000286102295,7.440000057220459,41.5099983215332,3.849999904632568,35.470001220703125,6.309999942779541
164.25,89.29000091552734,64.36000061035156,67.37000274658203,9.720000267028809,2.440000057220459,10.529999732971191,48.43000030517578,3.740000009536743,52.77000045776367,7.130000114440918
161.82000732421875,85.41000366210938,81.69999694824219,29.86000061035156,12.81999969482422,2.4700000286102295,12.260000228881836,50.41999816894531,5.619999885559082,65.31999969482422,6.28000020980835
172.42999267578125,96.77999877929688,72.66999816894531,63.459999084472656,14.0,3.75,19.190000534057617,61.66999816894531,7.539999961853027,66.48999786376953,8.470000267028809
163.30999755859375,83.5999984741211,73.58999633789062,49.40999984741211,10.949999809265137,3.4600000381469727,12.199999809265137,51.33000183105469,4.670000076293945,62.459999084472656,5.789999961853027
178.75999450683594,98.62999725341795,69.08999633789062,51.040000915527344,15.210000038146973,4.539999961853027,16.350000381469727,66.98999786376953,4.0,60.380001068115234,7.0
169.35000610351562,90.86000061035156,66.75,59.65999984741211,13.18000030517578,2.890000104904175,13.029999732971191,50.90999984741211,2.440000057220459,72.83000183105469,7.519999980926514
173.25,94.36000061035156,70.02999877929688,47.459999084472656,13.699999809265137,3.680000066757202,15.5,57.130001068115234,4.630000114440918,53.779998779296875,7.340000152587891
181.38999938964844,97.5199966430664,69.52999877929688,41.95000076293945,19.399999618530273,4.210000038146973,21.739999771118164,72.63999938964844,4.099999904632568,81.08999633789062,8.0600004196167
194.52000427246097,108.68000030517578,55.33000183105469,48.75,5.920000076293945,1.809999942779541,4.550000190734863,35.22999954223633,1.8899999856948853,44.04999923706055,8.4399995803833
191.3300018310547,107.2300033569336,63.16999816894531,44.29999923706055,13.0,3.180000066757202,11.18000030517578,54.400001525878906,2.559999942779541,65.68000030517578,10.199999809265137
195.63999938964844,107.08000183105467,66.0,55.2400016784668,10.199999809265137,2.759999990463257,7.989999771118164,43.84000015258789,2.4200000762939453,45.97999954223633,13.489999771118164
205.5500030517578,113.38999938964844,80.86000061035156,33.439998626708984,19.760000228881836,4.659999847412109,22.200000762939453,72.79000091552734,6.989999771118164,77.12999725341797,14.609999656677246
194.36000061035156,105.51000213623048,69.56999969482422,47.86000061035156,15.119999885559082,4.650000095367432,17.770000457763672,70.6500015258789,6.340000152587891,69.7699966430664,16.610000610351562
203.44000244140625,111.9000015258789,54.849998474121094,68.33999633789062,8.720000267028809,1.850000023841858,6.260000228881836,37.880001068115234,2.069999933242798,51.34000015258789,17.079999923706055
206.2599945068359,110.44000244140624,64.20999908447266,81.88999938964844,10.0600004196167,3.2200000286102295,8.470000267028809,47.47999954223633,2.569999933242798,43.970001220703125,19.86000061035156
182.6699981689453,95.41999816894533,62.119998931884766,66.44000244140625,9.130000114440918,2.799999952316284,8.600000381469727,48.16999816894531,4.079999923706055,45.11000061035156,15.300000190734863
179.82000732421875,97.77999877929688,66.20999908447266,39.27000045776367,9.0,2.430000066757202,8.600000381469727,46.779998779296875,3.549999952316284,49.4900016784668,11.779999732971191
165.6999969482422,90.37999725341795,69.7699966430664,71.44999694824219,13.779999732971191,6.059999942779541,18.020000457763672,73.26000213623047,11.350000381469728,68.45999908447266,10.130000114440918
168.02999877929688,86.88999938964844,60.84000015258789,83.86000061035156,6.190000057220459,1.850000023841858,5.289999961853027,35.119998931884766,2.7799999713897705,32.689998626708984,9.59000015258789
169.42999267578125,91.58999633789062,59.439998626708984,65.11000061035156,8.0,2.1600000858306885,7.110000133514404,43.2599983215332,4.690000057220459,35.970001220703125,8.90999984741211
163.16000366210938,85.51000213623047,65.6500015258789,69.69999694824219,7.329999923706055,2.700000047683716,8.529999732971191,40.380001068115234,6.460000038146973,40.709999084472656,7.909999847412109
164.58999633789062,88.16000366210938,64.08999633789062,38.150001525878906,5.230000019073486,2.049999952316284,5.559999942779541,35.9900016784668,4.159999847412109,27.559999465942383,7.900000095367432
171.27000427246094,87.02999877929688,60.630001068115234,70.83000183105469,7.590000152587891,2.0,6.960000038146973,38.540000915527344,4.150000095367432,38.52000045776367,9.170000076293944
159.94000244140625,88.61000061035156,60.189998626708984,71.06999969482422,4.460000038146973,1.5,5.260000228881836,36.720001220703125,3.569999933242798,24.950000762939453,7.869999885559082
169.97999572753906,96.95999908447266,63.91999816894531,68.33999633789062,5.710000038146973,2.7200000286102295,6.380000114440918,40.83000183105469,5.809999942779541,28.940000534057617,6.960000038146973
151.72999572753906,80.02999877929688,66.83000183105469,61.45000076293945,4.820000171661377,2.190000057220459,7.179999828338623,42.54999923706055,5.46999979019165,27.63999938964844,5.989999771118164
154.4199981689453,80.52999877929688,69.4800033569336,63.20000076293945,5.090000152587891,2.509999990463257,8.329999923706055,39.91999816894531,7.809999942779541,34.400001525878906,7.050000190734863
158.39999389648438,76.45999908447266,74.16999816894531,57.4900016784668,6.369999885559082,3.0899999141693115,9.699999809265137,54.810001373291016,9.4399995803833,38.5099983215332,6.78000020980835
150.3699951171875,78.8499984741211,69.29000091552734,76.45999908447266,4.070000171661377,2.1500000953674316,6.199999809265137,31.15999984741211,7.940000057220459,27.59000015258789,5.409999847412109
165.24000549316406,87.02999877929688,70.86000061035156,66.38999938964844,5.139999866485596,2.450000047683716,7.690000057220459,42.34000015258789,8.220000267028809,27.260000228881836,9.050000190734863
150.85000610351562,82.2699966430664,75.33999633789062,72.8499984741211,4.0,2.680000066757202,7.25,29.43000030517578,12.199999809265137,30.530000686645508,6.909999847412109
155.80999755859375,78.91999816894531,72.66000366210938,73.1500015258789,4.699999809265137,2.2799999713897705,7.429999828338623,34.310001373291016,9.5,28.93000030517578,6.340000152587891
142.41000366210938,72.75,74.91000366210938,72.83000183105469,4.269999980926514,2.3499999046325684,7.550000190734863,31.549999237060547,13.15999984741211,31.06999969482422,5.150000095367432
155.72999572753906,77.75,70.16999816894531,68.23999786376953,4.340000152587891,1.7300000190734863,5.170000076293945,36.52000045776367,6.139999866485596,21.799999237060547,5.940000057220459
160.0,83.79000091552734,81.41000366210938,56.2400016784668,6.46999979019165,3.2699999809265137,11.149999618530272,45.380001068115234,13.289999961853027,39.470001220703125,5.809999942779541
158.61000061035156,82.12999725341797,82.02999877929688,57.83000183105469,5.440000057220459,2.390000104904175,9.770000457763672,44.36000061035156,13.130000114440918,32.09000015258789,4.440000057220459
153.83999633789062,76.41999816894531,85.76000213623047,59.41999816894531,5.0,3.430000066757202,11.479999542236328,42.41999816894531,15.239999771118164,38.38999938964844,8.850000381469727
144.75,74.58000183105469,78.54000091552734,70.94999694824219,3.0199999809265137,1.8799999952316284,6.289999961853027,27.950000762939453,11.729999542236328,24.719999313354492,6.960000038146973
159.75999450683594,79.61000061035156,84.44000244140625,66.0,4.639999866485596,3.3399999141693115,10.0,38.47999954223633,15.130000114440918,36.540000915527344,5.880000114440918
151.9199981689453,76.5199966430664,82.87000274658203,62.880001068115234,4.349999904632568,2.759999990463257,9.65999984741211,36.459999084472656,12.279999732971191,33.27000045776367,6.559999942779541
157.75999450683594,79.2699966430664,86.5199966430664,59.810001373291016,6.5,4.28000020980835,14.470000267028809,49.34000015258789,14.579999923706056,42.31999969482422,6.659999847412109
150.5500030517578,74.69999694824219,77.5,68.7300033569336,2.8399999141693115,2.4100000858306885,6.5,28.200000762939453,10.0,24.600000381469727,5.389999866485596
146.25,75.48999786376953,81.72000122070312,62.93000030517578,5.429999828338623,2.880000114440918,10.43000030517578,45.119998931884766,8.930000305175781,34.56999969482422,6.039999961853027
156.2100067138672,82.81999969482422,82.61000061035156,55.83000183105469,6.400000095367432,3.059999942779541,12.720000267028809,58.15999984741211,14.460000038146973,42.279998779296875,6.0
154.27999877929688,80.29000091552734,83.08999633789062,64.44999694824219,5.989999771118164,4.010000228881836,13.149999618530272,55.22999954223633,12.829999923706056,42.040000915527344,6.949999809265137
154.24000549316406,80.05000305175781,75.73999786376953,76.55000305175781,5.010000228881836,2.2300000190734863,7.789999961853027,36.84000015258789,11.470000267028809,32.93000030517578,4.150000095367432
162.1699981689453,78.63999938964844,92.2699966430664,46.06999969482422,9.579999923706056,3.5199999809265137,17.190000534057617,59.380001068115234,14.220000267028809,55.41999816894531,6.650000095367432
156.94000244140625,79.4000015258789,86.41000366210938,50.97999954223633,7.110000133514404,3.130000114440918,13.510000228881836,43.540000915527344,14.300000190734863,47.79999923706055,7.340000152587891
153.86000061035156,71.0199966430664,83.02999877929688,66.05999755859375,7.46999979019165,3.859999895095825,16.360000610351562,47.54999923706055,15.5600004196167,49.689998626708984,6.710000038146973
146.3699951171875,73.55000305175781,73.16000366210938,62.65999984741211,5.380000114440918,1.7200000286102295,6.050000190734863,39.68000030517578,4.28000020980835,32.25,7.889999866485596
157.89999389648438,79.5999984741211,78.81999969482422,55.61000061035156,10.699999809265137,2.759999990463257,15.829999923706056,56.459999084472656,10.199999809265137,62.38999938964844,5.150000095367432
162.3300018310547,85.08000183105469,70.51000213623047,49.52000045776367,6.119999885559082,1.7699999809265137,6.989999771118164,38.45000076293945,4.610000133514404,39.470001220703125,7.420000076293945
167.82000732421875,90.13999938964844,76.05999755859375,61.40999984741211,13.510000228881836,3.880000114440918,19.270000457763672,74.31999969482422,7.809999942779541,71.80999755859375,6.619999885559082
154.38999938964844,82.26000213623047,71.3499984741211,64.97000122070312,11.260000228881836,3.650000095367432,16.450000762939453,68.23999786376953,7.96999979019165,66.08999633789062,6.650000095367432
164.6999969482422,86.75,76.98999786376953,40.380001068115234,13.050000190734863,3.640000104904175,13.510000228881836,63.84000015258789,6.139999866485596,66.6500015258789,8.550000190734863
166.52000427246094,90.11000061035156,72.95999908447266,33.0,12.920000076293944,3.180000066757202,12.65999984741211,64.88999938964844,4.610000133514404,87.0199966430664,7.409999847412109
175.49000549316406,94.86000061035156,66.77999877929688,44.95000076293945,9.770000457763672,2.299999952316284,9.949999809265137,49.290000915527344,3.059999942779541,70.08000183105469,6.869999885559082
171.8800048828125,89.68000030517578,74.69000244140625,51.9900016784668,14.100000381469728,4.119999885559082,18.270000457763672,75.45999908447266,4.800000190734863,75.04000091552734,7.679999828338623
168.32000732421875,90.16000366210938,64.1500015258789,60.0,9.170000076293944,2.75,10.800000190734863,52.220001220703125,3.1600000858306885,57.529998779296875,8.050000190734863
165.4199981689453,85.7300033569336,67.27999877929688,55.77000045776367,16.030000686645508,4.599999904632568,20.09000015258789,82.44999694824219,3.109999895095825,86.54000091552734,8.170000076293945
168.63999938964844,96.81999969482422,70.7300033569336,57.380001068115234,12.350000381469728,3.130000114440918,18.25,69.19999694824219,4.150000095367432,74.91000366210938,7.730000019073486
177.5800018310547,100.37000274658205,63.84000015258789,28.3700008392334,9.869999885559082,2.4800000190734863,8.850000381469727,54.290000915527344,2.930000066757202,65.11000061035156,8.34000015258789
164.39999389648438,93.43000030517578,68.01000213623047,51.630001068115234,13.859999656677246,3.619999885559082,14.270000457763672,69.88999938964844,4.090000152587891,77.79000091552734,8.5600004196167
174.6199951171875,94.12000274658205,84.19000244140625,26.270000457763672,14.399999618530272,3.5,15.380000114440918,72.1500015258789,6.309999942779541,68.1500015258789,7.139999866485596
163.67999267578125,89.26000213623047,71.08000183105469,52.29999923706055,9.670000076293944,2.759999990463257,11.239999771118164,59.630001068115234,4.289999961853027,56.86000061035156,8.630000114440918
168.91000366210938,91.80999755859376,81.44999694824219,32.81999969482422,14.670000076293944,4.329999923706055,21.809999465942383,85.13999938964844,9.420000076293944,72.81999969482422,10.979999542236328
179.1300048828125,97.4000015258789,56.52000045776367,85.33999633789062,4.610000133514404,1.2000000476837158,4.559999942779541,30.09000015258789,2.190000057220459,28.8799991607666,10.100000381469728
186.97000122070312,102.70999908447266,66.94999694824219,69.22000122070312,8.59000015258789,1.899999976158142,11.06999969482422,60.61000061035156,4.869999885559082,46.970001220703125,12.119999885559082
188.1499938964844,101.94000244140624,68.91999816894531,45.720001220703125,7.800000190734863,1.7400000095367432,9.199999809265137,52.279998779296875,4.800000190734863,46.060001373291016,15.43000030517578
189.07000732421875,97.4000015258789,68.9000015258789,63.15999984741211,7.690000057220459,2.809999942779541,13.770000457763672,61.54999923706055,7.21999979019165,45.68000030517578,16.030000686645508
184.0,96.12000274658205,58.70000076293945,51.27000045776367,5.550000190734863,1.399999976158142,6.079999923706055,41.779998779296875,3.119999885559082,34.93000030517578,17.920000076293945
195.9199981689453,105.4499969482422,68.55999755859375,55.54999923706055,7.400000095367432,2.9100000858306885,11.109999656677246,63.09000015258789,7.360000133514404,42.689998626708984,18.920000076293945
178.3699951171875,94.33999633789062,77.02999877929688,42.689998626708984,8.300000190734863,3.7699999809265137,14.1899995803833,63.63999938964844,9.18000030517578,49.61000061035156,15.229999542236328
168.5399932861328,92.51000213623048,74.52999877929688,44.91999816894531,6.150000095367432,1.8600000143051147,10.199999809265137,52.54999923706055,7.28000020980835,34.810001373291016,10.1899995803833
165.1199951171875,88.47000122070312,65.47000122070312,57.36000061035156,5.369999885559082,1.7799999713897705,8.300000190734863,39.40999984741211,5.150000095367432,32.689998626708984,9.079999923706056
164.35000610351562,85.47000122070312,63.41999816894531,70.37999725341797,4.860000133514404,1.3899999856948853,5.75,47.15999984741211,4.96999979019165,37.25,10.65999984741211
160.86000061035156,85.69999694824219,65.54000091552734,51.38999938964844,4.960000038146973,1.5099999904632568,7.869999885559082,45.099998474121094,7.110000133514404,30.8700008392334,8.479999542236328
161.63999938964844,84.4800033569336,72.33999633789062,64.02999877929688,4.840000152587891,1.5199999809265137,9.130000114440918,43.7400016784668,8.819999694824219,33.849998474121094,7.440000057220459
159.25999450683594,85.62999725341797,75.18000030517578,55.40999984741211,5.139999866485596,2.890000104904175,10.229999542236328,46.0,10.609999656677246,37.2599983215332,6.260000228881836
164.89999389648438,79.66999816894531,69.01000213623047,74.9000015258789,3.990000009536743,1.5399999618530271,6.710000038146973,32.470001220703125,6.920000076293945,30.770000457763672,7.889999866485596
160.80999755859375,80.77999877929688,81.7699966430664,63.7599983215332,5.869999885559082,3.549999952316284,14.369999885559082,45.099998474121094,18.469999313354492,41.63999938964844,8.850000381469727
150.3300018310547,74.58000183105469,72.27999877929688,63.130001068115234,3.630000114440918,1.190000057220459,5.869999885559082,28.479999542236328,9.390000343322754,24.469999313354492,7.03000020980835
151.80999755859375,76.31999969482422,71.27999877929688,72.66999816894531,3.5199999809265137,1.7400000095367432,7.699999809265137,30.059999465942383,9.43000030517578,27.11000061035156,7.269999980926514
154.17999267578125,80.37000274658203,75.06999969482422,67.26000213623047,4.659999847412109,1.5700000524520874,8.130000114440918,37.220001220703125,10.949999809265137,26.350000381469727,5.960000038146973
163.55999755859375,83.30000305175781,75.16000366210938,64.80999755859375,4.860000133514404,1.6299999952316284,8.65999984741211,42.11000061035156,8.729999542236328,31.020000457763672,7.449999809265137
149.5399932861328,82.9800033569336,81.58000183105469,59.349998474121094,4.860000133514404,2.2899999618530273,10.460000038146973,34.75,11.270000457763672,31.1200008392334,5.949999809265137
175.8800048828125,91.33999633789062,97.0500030517578,33.810001373291016,7.929999828338623,3.609999895095825,15.90999984741211,67.19000244140625,18.239999771118164,51.06999969482422,6.920000076293945
151.16000366210938,78.56999969482422,82.13999938964844,60.0099983215332,4.059999942779541,2.3499999046325684,8.420000076293945,40.66999816894531,14.279999732971191,31.40999984741211,7.03000020980835
153.63999938964844,76.68000030517578,86.4800033569336,59.84000015258789,5.539999961853027,3.0999999046325684,10.84000015258789,41.599998474121094,14.6899995803833,38.79999923706055,10.09000015258789
145.3000030517578,76.47000122070312,76.95999908447266,72.7699966430664,2.9100000858306885,1.2699999809265137,4.139999866485596,21.56999969482422,9.329999923706056,20.25,5.570000171661377
146.82000732421875,73.66000366210938,82.26000213623047,68.9800033569336,5.429999828338623,3.0199999809265137,10.15999984741211,37.65999984741211,14.920000076293944,39.54999923706055,8.239999771118164
150.4199981689453,78.61000061035156,79.43000030517578,66.31999969482422,3.75,1.950000047683716,5.690000057220459,29.59000015258789,8.170000076293945,24.780000686645508,6.789999961853027
162.38999938964844,83.4000015258789,81.48999786376953,58.0099983215332,5.449999809265137,2.1600000858306885,8.739999771118164,51.22999954223633,10.949999809265137,34.290000915527344,6.289999961853027
147.69000244140625,71.95999908447266,79.62999725341797,63.029998779296875,5.110000133514404,2.0399999618530273,8.8100004196167,40.08000183105469,8.9399995803833,28.969999313354492,7.510000228881836
151.9199981689453,77.16999816894531,79.22000122070312,63.33000183105469,4.400000095367432,1.690000057220459,5.730000019073486,29.90999984741211,4.400000095367432,23.489999771118164,6.190000057220459
151.36000061035156,72.37999725341797,89.33999633789062,53.63999938964844,7.670000076293945,3.609999895095825,16.559999465942383,56.34000015258789,18.8799991607666,43.61000061035156,7.349999904632568
151.42999267578125,79.5199966430664,88.23999786376953,61.56999969482422,5.690000057220459,2.8499999046325684,11.760000228881836,40.63999938964844,13.5600004196167,35.529998779296875,5.579999923706055
145.10000610351562,72.05000305175781,80.13999938964844,75.36000061035156,6.78000020980835,1.6799999475479126,10.579999923706056,45.119998931884766,9.770000457763672,37.06999969482422,7.110000133514404
150.27000427246094,75.86000061035156,73.38999938964844,75.75,4.71999979019165,1.7300000190734863,6.809999942779541,32.5099983215332,8.5,26.799999237060547,6.670000076293945
149.88999938964844,74.31999969482422,76.38999938964844,73.54000091552734,5.139999866485596,1.559999942779541,8.899999618530273,37.7599983215332,8.859999656677246,32.849998474121094,7.380000114440918
149.2100067138672,77.69999694824219,76.47000122070312,71.9800033569336,5.010000228881836,1.4900000095367432,7.110000133514404,37.279998779296875,6.920000076293945,32.2599983215332,7.179999828338623
158.67999267578125,82.98999786376953,91.3000030517578,44.290000915527344,10.359999656677246,2.9200000762939453,19.579999923706055,61.939998626708984,15.770000457763672,62.63999938964844,7.599999904632568
155.5500030517578,77.79000091552734,77.98999786376953,71.01000213623047,6.650000095367432,2.430000066757202,13.75,50.61000061035156,14.800000190734863,46.119998931884766,8.069999694824219
157.55999755859375,77.41999816894531,76.0999984741211,69.44999694824219,6.309999942779541,1.4500000476837158,8.640000343322754,45.13999938964844,5.920000076293945,39.810001373291016,7.059999942779541
163.00999450683594,85.55000305175781,78.61000061035156,41.7599983215332,10.149999618530272,2.75,12.739999771118164,62.75,8.579999923706055,58.599998474121094,6.409999847412109
165.4199981689453,85.33000183105469,92.58999633789062,27.5,14.90999984741211,3.0,20.6200008392334,70.80000305175781,11.6899995803833,62.880001068115234,7.21999979019165
154.3699951171875,82.16000366210938,68.47000122070312,69.72000122070312,8.699999809265137,2.509999990463257,10.9399995803833,49.880001068115234,6.289999961853027,55.209999084472656,6.510000228881836
165.36000061035156,83.73999786376953,81.55999755859375,56.380001068115234,14.289999961853027,3.5999999046325684,21.399999618530273,80.25,9.600000381469728,70.05999755859375,7.0
158.11000061035156,84.4000015258789,67.83000183105469,48.88999938964844,10.359999656677246,2.7799999713897705,12.050000190734863,61.560001373291016,5.710000038146973,68.83999633789062,4.889999866485596
171.5,90.31999969482422,76.98999786376953,32.709999084472656,13.920000076293944,3.0,13.140000343322754,68.66999816894531,4.639999866485596,72.5199966430664,8.699999809265137
151.1699981689453,82.73999786376953,73.06999969482422,38.4900016784668,14.020000457763672,3.130000114440918,13.109999656677246,70.2699966430664,3.9700000286102295,76.27999877929688,8.029999732971191
179.57000732421875,91.5,74.45999908447266,41.2400016784668,13.479999542236328,2.9100000858306885,14.710000038146973,70.52999877929688,4.070000171661377,70.51000213623047,8.510000228881836
170.27000427246094,96.2300033569336,70.5199966430664,33.290000915527344,12.890000343322754,2.7200000286102295,12.75,70.47000122070312,4.420000076293945,82.91999816894531,6.239999771118164
180.36000061035156,92.9000015258789,61.90999984741211,74.94999694824219,9.289999961853027,2.4200000762939453,8.619999885559082,56.15999984741211,3.069999933242798,59.97999954223633,10.270000457763672
170.0800018310547,92.3000030517578,57.099998474121094,68.83999633789062,7.300000190734863,1.6699999570846558,6.690000057220459,44.279998779296875,2.799999952316284,49.060001373291016,9.829999923706056
176.07000732421875,91.76000213623048,71.2699966430664,47.150001525878906,12.40999984741211,2.809999942779541,12.75,66.2300033569336,3.990000009536743,73.5999984741211,9.369999885559082
175.1999969482422,92.33999633789062,71.62000274658203,52.56999969482422,10.1899995803833,3.5199999809265137,13.93000030517578,64.37000274658203,3.5299999713897705,66.52999877929688,8.119999885559082
153.25999450683594,78.91000366210938,67.9800033569336,63.86000061035156,8.979999542236328,2.630000114440918,13.350000381469728,63.33000183105469,3.119999885559082,58.900001525878906,5.949999809265137
165.63999938964844,88.05999755859375,71.31999969482422,50.279998779296875,11.1899995803833,3.3299999237060547,14.760000228881836,70.91999816894531,6.050000190734863,73.2300033569336,6.190000057220459
167.4499969482422,81.91000366210938,79.33000183105469,39.9900016784668,11.15999984741211,3.7300000190734863,17.969999313354492,75.5199966430664,7.519999980926514,63.09000015258789,6.630000114440918
159.83999633789062,79.68000030517578,77.06999969482422,57.099998474121094,10.0600004196167,4.070000171661377,20.690000534057617,71.70999908447266,9.9399995803833,59.880001068115234,7.659999847412109
150.49000549316406,83.19999694824219,64.13999938964844,53.369998931884766,5.25,1.0700000524520874,7.150000095367432,46.380001068115234,4.130000114440918,38.20000076293945,6.260000228881836
167.1699981689453,84.05000305175781,70.01000213623047,30.979999542236328,7.389999866485596,1.850000023841858,11.140000343322754,51.790000915527344,4.659999847412109,50.470001220703125,7.21999979019165
171.0500030517578,85.80000305175781,67.66000366210938,41.439998626708984,6.239999771118164,2.119999885559082,9.81999969482422,53.13999938964844,4.739999771118164,42.619998931884766,9.850000381469728
167.77999877929688,84.38999938964844,64.95999908447266,60.040000915527344,6.110000133514404,2.0299999713897705,9.739999771118164,47.720001220703125,5.150000095367432,43.779998779296875,10.270000457763672
172.2899932861328,91.73999786376952,64.31999969482422,65.7300033569336,4.610000133514404,1.600000023841858,7.889999866485596,37.040000915527344,5.099999904632568,32.369998931884766,10.479999542236328
169.41000366210938,90.6500015258789,64.38999938964844,59.59000015258789,5.489999771118164,1.690000057220459,8.020000457763672,44.81999969482422,5.380000114440918,38.380001068115234,8.029999732971191
170.27000427246094,89.66999816894531,72.45999908447266,62.279998779296875,5.119999885559082,2.7699999809265137,11.010000228881836,49.18000030517578,9.34000015258789,38.560001373291016,9.920000076293944
166.3300018310547,86.23999786376953,69.26000213623047,75.36000061035156,3.700000047683716,2.430000066757202,7.820000171661377,32.939998626708984,8.300000190734863,29.399999618530273,7.550000190734863
167.3300018310547,91.45999908447266,79.95999908447266,40.68000030517578,6.820000171661377,3.7799999713897705,14.210000038146973,55.36000061035156,10.739999771118164,42.66999816894531,7.690000057220459
164.22999572753906,83.30000305175781,72.31999969482422,66.2699966430664,3.359999895095825,2.3299999237060547,6.769999980926514,34.34000015258789,5.820000171661377,26.34000015258789,8.430000305175781
159.38999938964844,83.05000305175781,65.33000183105469,60.650001525878906,3.609999895095825,1.4600000381469729,6.320000171661377,37.209999084472656,4.980000019073486,25.969999313354492,8.569999694824219
149.3000030517578,74.13999938964844,63.720001220703125,73.44999694824219,3.839999914169311,1.2599999904632568,5.730000019073486,36.310001373291016,3.4100000858306885,25.43000030517578,8.050000190734863
168.17999267578125,90.12000274658205,72.98999786376953,59.06999969482422,4.210000038146973,2.430000066757202,8.539999961853027,39.290000915527344,7.409999847412109,31.8700008392334,9.279999732971191
157.22999572753906,83.83999633789062,70.58999633789062,71.23999786376953,3.7699999809265137,1.919999957084656,6.53000020980835,36.0,7.78000020980835,24.290000915527344,8.239999771118164
161.6300048828125,79.94000244140625,82.12000274658203,68.52999877929688,4.630000114440918,4.190000057220459,12.520000457763672,41.709999084472656,16.270000457763672,39.15999984741211,7.199999809265137
155.91000366210938,74.6500015258789,71.94000244140625,73.73999786376953,3.299999952316284,1.690000057220459,5.820000171661377,28.34000015258789,6.550000190734863,25.1200008392334,7.409999847412109
157.75999450683594,77.88999938964844,77.98999786376953,57.970001220703125,4.039999961853027,2.2100000381469727,9.460000038146973,37.04999923706055,9.739999771118164,29.09000015258789,6.900000095367432
152.89999389648438,78.05999755859375,79.0199966430664,67.16999816894531,3.809999942779541,3.240000009536743,9.920000076293944,33.939998626708984,12.989999771118164,44.279998779296875,6.71999979019165
151.85000610351562,74.95999908447266,83.06999969482422,59.189998626708984,3.910000085830689,2.75,9.859999656677246,42.150001525878906,8.420000076293945,30.81999969482422,6.539999961853027
150.4600067138672,77.9000015258789,81.48999786376953,61.7599983215332,4.25,3.0299999713897705,11.050000190734863,40.849998474121094,11.43000030517578,35.47999954223633,7.670000076293945
150.33999633789062,73.6500015258789,82.91000366210938,61.0,3.7899999618530273,3.180000066757202,9.65999984741211,37.84000015258789,9.989999771118164,32.0,5.980000019073486
159.82000732421875,79.31999969482422,87.11000061035156,61.439998626708984,4.659999847412109,3.130000114440918,13.09000015258789,43.79999923706055,12.710000038146973,42.209999084472656,8.720000267028809
163.77999877929688,82.91000366210938,92.0199966430664,48.709999084472656,6.78000020980835,3.559999942779541,15.880000114440918,62.7400016784668,16.25,50.720001220703125,4.239999771118164
157.61000061035156,79.4800033569336,85.54000091552734,65.73999786376953,4.179999828338623,2.7799999713897705,9.81999969482422,42.470001220703125,11.25,35.68000030517578,6.389999866485596
151.77000427246094,73.20999908447266,84.1500015258789,57.7599983215332,5.389999866485596,3.2699999809265137,12.529999732971191,48.15999984741211,12.850000381469728,42.33000183105469,5.539999961853027
157.36000061035156,76.45999908447266,82.93000030517578,72.20999908447266,5.739999771118164,2.759999990463257,10.859999656677246,49.939998626708984,9.760000228881836,38.63999938964844,7.230000019073486
158.49000549316406,73.76000213623047,81.01000213623047,68.55999755859375,4.099999904632568,2.2699999809265137,8.899999618530273,38.290000915527344,11.460000038146973,31.34000015258789,7.730000019073486
151.9199981689453,68.11000061035156,82.9800033569336,66.38999938964844,4.889999866485596,2.180000066757202,9.869999885559082,44.95000076293945,11.93000030517578,35.66999816894531,8.600000381469727
156.32000732421875,76.52999877929688,86.47000122070312,57.5,6.110000133514404,3.4800000190734863,14.489999771118164,51.84000015258789,10.859999656677246,46.25,7.570000171661377
144.07000732421875,68.45999908447266,73.06999969482422,70.06999969482422,4.539999961853027,1.3600000143051147,4.980000019073486,40.31999969482422,5.820000171661377,28.989999771118164,7.170000076293945
150.64999389648438,72.83999633789062,78.80999755859375,62.119998931884766,5.639999866485596,2.2899999618530273,11.399999618530272,48.13999938964844,7.360000133514404,40.95000076293945,7.619999885559082
164.0399932861328,79.91999816894531,78.61000061035156,69.58000183105469,6.849999904632568,2.3499999046325684,10.989999771118164,53.56999969482422,11.31999969482422,43.52000045776367,8.130000114440918
148.77000427246094,73.26000213623047,83.80000305175781,53.130001068115234,8.850000381469727,2.9200000762939453,14.210000038146973,63.220001220703125,9.760000228881836,55.959999084472656,6.340000152587891
163.02999877929688,79.55000305175781,80.62999725341797,67.62999725341797,7.739999771118164,3.240000009536743,16.15999984741211,60.939998626708984,14.229999542236328,62.68000030517578,5.369999885559082
157.30999755859375,77.0199966430664,75.79000091552734,72.77999877929688,8.039999961853027,2.240000009536743,12.220000267028809,58.45000076293945,8.739999771118164,55.11000061035156,6.559999942779541
156.8699951171875,78.38999938964844,76.87000274658203,62.709999084472656,10.010000228881836,2.940000057220459,13.529999732971191,61.0,8.229999542236328,58.20000076293945,6.710000038146973
157.8000030517578,81.86000061035156,75.77999877929688,53.86000061035156,8.649999618530273,1.909999966621399,10.6899995803833,52.43000030517578,5.420000076293945,46.540000915527344,5.829999923706055
166.0,88.19999694824219,78.30999755859375,39.18000030517578,12.470000267028809,3.140000104904175,17.899999618530273,77.37000274658203,5.96999979019165,70.18000030517578,9.350000381469728
149.27000427246094,75.69000244140625,70.56999969482422,57.970001220703125,10.970000267028809,2.940000057220459,17.309999465942383,65.30999755859375,6.880000114440918,63.470001220703125,6.940000057220459
165.07000732421875,88.8499984741211,83.3499984741211,36.79999923706055,10.479999542236328,2.190000057220459,13.18000030517578,67.19999694824219,5.010000228881836,54.20000076293945,9.029999732971191
162.00999450683594,82.5199966430664,79.16999816894531,45.9900016784668,14.920000076293944,4.510000228881836,25.18000030517578,91.47000122070312,8.0600004196167,79.33000183105469,8.010000228881836
170.25,87.44000244140625,69.94000244140625,72.52999877929688,13.489999771118164,4.159999847412109,23.559999465942383,82.66000366210938,7.889999866485596,84.62999725341797,6.559999942779541
167.89999389648438,82.91000366210938,66.75,61.68000030517578,10.220000267028809,2.869999885559082,14.489999771118164,63.15999984741211,3.5899999141693115,61.29999923706055,10.529999732971191
177.24000549316406,92.83999633789062,66.62000274658203,65.19000244140625,6.300000190734863,1.1200000047683716,5.889999866485596,42.45000076293945,1.1399999856948853,45.22999954223633,9.079999923706056
176.8699951171875,91.8499984741211,62.939998626708984,85.56999969482422,8.140000343322754,1.6699999570846558,8.550000190734863,56.25,2.009999990463257,49.38999938964844,10.510000228881836
176.61000061035156,89.81999969482422,64.6500015258789,77.62999725341797,9.579999923706056,1.2899999618530271,9.390000343322754,52.72999954223633,2.440000057220459,55.439998626708984,11.4399995803833
181.5500030517578,96.83999633789062,63.45000076293945,77.22000122070312,8.649999618530273,1.5399999618530271,10.220000267028809,54.36000061035156,1.8799999952316284,52.88999938964844,13.020000457763672
193.6000061035156,99.55999755859376,63.90999984741211,69.37999725341797,8.1899995803833,1.7599999904632568,8.520000457763672,51.65999984741211,3.5,49.810001373291016,14.020000457763672
198.44000244140625,105.0999984741211,69.26000213623047,48.72999954223633,11.0600004196167,3.0299999713897705,16.399999618530273,73.4800033569336,3.549999952316284,70.12999725341797,14.869999885559082
178.52000427246094,95.6999969482422,68.55000305175781,69.86000061035156,8.569999694824219,2.2899999618530273,12.5,53.70000076293945,3.809999942779541,51.20000076293945,12.300000190734863
181.61000061035156,93.45999908447266,59.599998474121094,76.33999633789062,5.769999980926514,1.1699999570846558,5.25,36.86000061035156,1.9800000190734863,33.41999816894531,15.109999656677246
184.9499969482422,99.2699966430664,68.70999908447266,43.97999954223633,7.659999847412109,1.75,10.109999656677246,54.9900016784668,4.579999923706055,51.380001068115234,11.18000030517578
174.38999938964844,90.38999938964844,68.3499984741211,68.5999984741211,7.320000171661377,2.359999895095825,11.850000381469728,56.95000076293945,5.710000038146973,44.75,10.5600004196167
169.17999267578125,85.8499984741211,63.90999984741211,86.94999694824219,4.989999771118164,1.1200000047683716,6.489999771118164,38.689998626708984,2.859999895095825,29.729999542236328,9.970000267028809
171.1199951171875,86.69000244140625,64.58999633789062,71.66000366210938,6.03000020980835,1.8600000143051147,10.260000228881836,51.04999923706055,4.590000152587891,40.61000061035156,11.229999542236328
170.99000549316406,92.94000244140624,78.16000366210938,45.290000915527344,6.539999961853027,2.0,10.050000190734863,50.95000076293945,3.75,38.540000915527344,10.09000015258789
169.7100067138672,86.62999725341797,71.88999938964844,70.55999755859375,5.820000171661377,2.2200000286102295,10.529999732971191,53.650001525878906,7.260000228881836,33.52000045776367,8.75
167.25,89.77999877929688,68.3499984741211,67.37999725341797,4.21999979019165,1.840000033378601,6.820000171661377,38.61000061035156,4.389999866485596,27.989999771118164,8.710000038146973
161.63999938964844,83.22000122070312,65.56999969482422,64.30999755859375,4.940000057220459,2.0899999141693115,8.5600004196167,47.33000183105469,5.989999771118164,33.029998779296875,9.600000381469728
163.3300018310547,86.04000091552734,65.91999816894531,74.01000213623047,3.559999942779541,1.909999966621399,7.389999866485596,36.43000030517578,4.900000095367432,28.450000762939453,10.369999885559082
168.25999450683594,81.52999877929688,71.91000366210938,53.4900016784668,4.96999979019165,2.509999990463257,8.779999732971191,50.63999938964844,7.679999828338623,34.619998931884766,10.15999984741211
161.16000366210938,77.45999908447266,68.16000366210938,73.4800033569336,3.890000104904175,2.0899999141693115,7.699999809265137,36.29999923706055,5.71999979019165,28.5,9.720000267028809
154.0500030517578,76.62999725341797,73.9000015258789,56.5,4.46999979019165,2.0999999046325684,8.399999618530273,38.290000915527344,8.380000114440918,36.68000030517578,10.420000076293944
163.2899932861328,82.08999633789062,83.7300033569336,50.380001068115234,5.260000228881836,3.2799999713897705,11.59000015258789,46.61000061035156,12.020000457763672,38.5099983215332,10.75
160.80999755859375,81.22000122070312,79.37999725341797,48.52000045776367,4.389999866485596,2.5299999713897705,10.0600004196167,40.90999984741211,9.739999771118164,36.459999084472656,9.609999656677246
149.1999969482422,70.95999908447266,78.16999816894531,53.790000915527344,4.389999866485596,2.380000114440918,8.640000343322754,48.33000183105469,9.960000038146973,31.670000076293945,8.199999809265137
158.77999877929688,80.16999816894531,77.30000305175781,63.90999984741211,3.650000095367432,1.7899999618530271,7.360000133514404,34.880001068115234,9.609999656677246,29.3700008392334,7.840000152587891
152.75,78.4800033569336,83.43000030517578,65.66999816894531,4.480000019073486,2.690000057220459,10.670000076293944,38.22999954223633,20.18000030517578,45.099998474121094,9.199999809265137
157.02000427246094,76.80000305175781,83.93000030517578,47.45000076293945,4.840000152587891,2.2100000381469727,11.989999771118164,46.650001525878906,13.15999984741211,37.34000015258789,7.96999979019165
160.2899932861328,77.62999725341797,87.73999786376953,48.849998474121094,5.099999904632568,2.640000104904175,12.59000015258789,53.369998931884766,17.3799991607666,40.83000183105469,6.389999866485596
151.69000244140625,74.30999755859375,77.66000366210938,62.529998779296875,3.2799999713897705,1.850000023841858,6.25,38.70000076293945,7.840000152587891,26.229999542236328,6.53000020980835
155.77000427246094,76.30000305175781,80.66999816894531,64.38999938964844,3.880000114440918,2.069999933242798,8.40999984741211,39.0099983215332,13.420000076293944,41.38999938964844,8.329999923706055
171.7100067138672,85.97000122070312,91.37999725341795,50.689998626708984,5.489999771118164,3.3399999141693115,13.81999969482422,51.369998931884766,19.1200008392334,54.790000915527344,10.670000076293944
157.02999877929688,73.06999969482422,83.41999816894531,65.4800033569336,5.03000020980835,2.8299999237060547,13.789999961853027,41.29999923706055,15.020000457763672,48.529998779296875,7.289999961853027
156.55999755859375,76.29000091552734,86.22000122070312,61.16999816894531,4.840000152587891,2.430000066757202,11.90999984741211,41.47999954223633,15.199999809265137,49.52000045776367,6.510000228881836
161.9199981689453,75.20999908447266,86.7300033569336,67.62000274658203,4.150000095367432,2.440000057220459,10.829999923706056,36.38999938964844,16.010000228881836,48.2400016784668,8.079999923706055
167.60000610351562,79.18000030517578,83.12999725341797,69.79000091552734,3.559999942779541,1.4199999570846558,7.929999828338623,30.670000076293945,10.359999656677246,38.97999954223633,8.020000457763672
155.97999572753906,78.25,82.4000015258789,60.310001373291016,4.690000057220459,2.4700000286102295,11.369999885559082,39.84000015258789,12.470000267028809,48.29999923706055,7.079999923706055
158.16000366210938,77.23999786376953,81.06999969482422,60.970001220703125,5.210000038146973,2.0899999141693115,10.270000457763672,44.720001220703125,11.270000457763672,50.380001068115234,6.159999847412109
165.97999572753906,81.55000305175781,86.72000122070312,64.88999938964844,4.510000228881836,2.990000009536743,11.6899995803833,42.9900016784668,17.3700008392334,46.97999954223633,7.019999980926514
158.66000366210938,75.45999908447266,79.6500015258789,65.7699966430664,4.989999771118164,1.5800000429153442,7.139999866485596,42.9900016784668,6.869999885559082,37.369998931884766,6.829999923706055
157.2100067138672,76.86000061035156,73.95999908447266,71.77999877929688,3.880000114440918,1.5199999809265137,6.190000057220459,32.150001525878906,6.800000190734863,33.959999084472656,6.079999923706055
179.4199981689453,88.43000030517578,97.1500015258789,17.649999618530273,8.84000015258789,1.7799999713897705,13.56999969482422,63.709999084472656,12.770000457763672,42.0,9.710000038146973
181.6999969482422,92.93000030517578,91.51000213623048,57.9900016784668,8.609999656677246,3.190000057220459,20.6299991607666,60.130001068115234,20.25,83.30999755859375,9.619999885559082
155.89999389648438,77.6500015258789,80.58000183105469,74.72000122070312,5.519999980926514,1.7599999904632568,15.90999984741211,39.91999816894531,15.420000076293944,56.310001373291016,8.130000114440918
163.47000122070312,78.73999786376953,86.13999938964844,63.220001220703125,10.579999923706056,3.2200000286102295,22.799999237060547,70.16999816894531,15.579999923706056,80.37000274658203,7.400000095367432
152.6300048828125,73.62999725341797,77.44999694824219,63.9900016784668,7.0,1.659999966621399,9.9399995803833,49.349998474121094,6.25,44.220001220703125,6.329999923706055
168.77999877929688,82.11000061035156,74.56999969482422,72.08999633789062,7.420000076293945,2.259999990463257,12.06999969482422,50.880001068115234,10.5,56.810001373291016,8.239999771118164
166.0,80.80999755859375,77.18000030517578,57.54999923706055,11.229999542236328,2.430000066757202,15.789999961853027,67.91000366210938,7.269999980926514,65.55000305175781,9.529999732971191
165.25,84.33999633789062,65.58999633789062,75.08000183105469,7.579999923706055,1.8600000143051147,11.3100004196167,46.970001220703125,6.460000038146973,54.189998626708984,6.380000114440918
176.7899932861328,83.4800033569336,67.0999984741211,61.18000030517578,11.329999923706056,2.390000104904175,12.529999732971191,66.5999984741211,4.699999809265137,59.0,10.0600004196167
163.69000244140625,76.4000015258789,62.08000183105469,72.12000274658203,6.25,1.25,4.619999885559082,43.540000915527344,3.140000104904175,34.209999084472656,9.920000076293944
177.44000244140625,92.7699966430664,67.25,58.630001068115234,12.279999732971191,2.5299999713897705,15.020000457763672,73.45999908447266,4.909999847412109,70.47000122070312,8.3100004196167
173.5,88.08999633789062,61.279998779296875,23.13999938964844,8.229999542236328,1.7400000095367432,6.400000095367432,41.06999969482422,2.759999990463257,45.77000045776367,10.630000114440918
182.44000244140625,96.1999969482422,68.05999755859375,59.63999938964844,12.34000015258789,2.359999895095825,14.449999809265137,68.0199966430664,3.0199999809265137,58.689998626708984,11.220000267028809
197.8699951171875,100.27999877929688,61.2599983215332,65.75,11.949999809265137,3.130000114440918,15.039999961853027,68.04000091552734,3.119999885559082,68.58999633789062,14.779999732971191
196.86000061035156,107.58000183105467,62.91999816894531,59.25,10.1899995803833,2.390000104904175,14.84000015258789,68.63999938964844,3.930000066757202,69.01000213623047,12.68000030517578
181.1300048828125,93.7300033569336,64.12000274658203,53.16999816894531,8.850000381469727,1.8899999856948853,9.289999961853027,52.97999954223633,2.119999885559082,41.97999954223633,9.720000267028809
182.41000366210935,87.33000183105469,62.72999954223633,69.4000015258789,7.619999885559082,1.590000033378601,9.81999969482422,51.09000015258789,2.549999952316284,57.90999984741211,11.949999809265137
171.3699951171875,88.11000061035156,60.33000183105469,67.81999969482422,8.520000457763672,1.4199999570846558,9.420000076293944,55.16999816894531,2.390000104904175,40.869998931884766,9.350000381469728
177.00999450683594,88.06999969482422,58.2599983215332,47.75,7.849999904632568,1.649999976158142,9.539999961853027,55.380001068115234,3.0899999141693115,49.119998931884766,6.800000190734863
185.6199951171875,100.80999755859376,56.31999969482422,59.86000061035156,5.119999885559082,1.1200000047683716,5.800000190734863,37.63999938964844,2.4800000190734863,36.650001525878906,9.130000114440918
179.49000549316406,95.5199966430664,70.43000030517578,55.84000015258789,12.869999885559082,4.03000020980835,21.8700008392334,81.05000305175781,6.21999979019165,97.94000244140624,7.800000190734863
176.4499969482422,91.13999938964844,61.93000030517578,68.88999938964844,6.760000228881836,1.5299999713897705,9.020000457763672,58.27000045776367,4.179999828338623,40.380001068115234,9.369999885559082
173.83999633789062,85.66999816894531,62.810001373291016,66.16000366210938,5.889999866485596,1.409999966621399,8.270000457763672,44.38999938964844,3.630000114440918,41.459999084472656,8.020000457763672
171.0399932861328,88.23999786376953,66.0999984741211,53.470001220703125,6.690000057220459,1.4800000190734863,7.809999942779541,52.310001373291016,4.550000190734863,52.880001068115234,11.119999885559082
174.41000366210938,88.61000061035156,76.30000305175781,55.61000061035156,7.130000114440918,2.309999942779541,13.789999961853027,53.88999938964844,8.859999656677246,66.77999877929688,8.850000381469727
169.33999633789062,85.63999938964844,58.650001525878906,73.31999969482422,4.21999979019165,1.2400000095367432,5.110000133514404,40.279998779296875,1.919999957084656,33.81999969482422,8.829999923706055
164.7100067138672,87.29000091552734,64.98999786376953,64.56999969482422,4.960000038146973,1.3799999952316284,8.170000076293945,44.63999938964844,5.019999980926514,36.400001525878906,9.760000228881836
166.2899932861328,83.91999816894531,66.88999938964844,62.66999816894531,4.230000019073486,1.3300000429153442,6.940000057220459,36.970001220703125,4.96999979019165,35.31999969482422,7.420000076293945
175.5,89.1500015258789,72.41000366210938,52.810001373291016,4.269999980926514,1.4199999570846558,9.699999809265137,40.209999084472656,7.329999923706055,41.2400016784668,10.140000343322754
172.16000366210938,87.61000061035156,72.3499984741211,58.560001373291016,4.880000114440918,1.559999942779541,9.869999885559082,39.81999969482422,9.479999542236328,37.869998931884766,9.029999732971191
160.42999267578125,81.98999786376953,71.47000122070312,49.31999969482422,4.829999923706055,1.9299999475479128,10.43000030517578,37.61000061035156,8.260000228881836,45.540000915527344,5.610000133514404
166.86000061035156,84.86000061035156,74.13999938964844,55.91999816894531,4.230000019073486,1.5099999904632568,8.789999961853027,39.380001068115234,8.0,37.2599983215332,10.010000228881836
159.47000122070312,81.16999816894531,65.76000213623047,70.69000244140625,3.0799999237060547,1.159999966621399,6.039999961853027,26.540000915527344,7.150000095367432,35.95000076293945,8.779999732971191
180.94000244140625,87.33000183105469,83.12999725341797,31.770000457763672,4.909999847412109,1.3899999856948853,9.960000038146973,43.689998626708984,9.869999885559082,42.47999954223633,10.109999656677246
163.9499969482422,86.4000015258789,73.69999694824219,63.70000076293945,3.1700000762939453,1.6200000047683716,7.010000228881836,29.709999084472656,9.989999771118164,42.84000015258789,8.600000381469727
183.77999877929688,85.9000015258789,76.08999633789062,63.150001525878906,3.75,1.2899999618530271,6.739999771118164,29.63999938964844,11.079999923706056,34.2400016784668,9.369999885559082
157.19000244140625,79.01000213623047,69.62999725341797,71.75,2.799999952316284,0.8600000143051147,4.699999809265137,26.3700008392334,8.569999694824219,37.36000061035156,7.150000095367432
169.08999633789062,83.48999786376953,86.79000091552734,46.869998931884766,4.829999923706055,1.590000033378601,8.600000381469727,37.2400016784668,10.4399995803833,39.5099983215332,6.190000057220459
172.13999938964844,87.87999725341797,86.48999786376953,40.220001220703125,4.320000171661377,1.899999976158142,11.0,40.93000030517578,11.579999923706056,54.25,7.460000038146973
148.08999633789062,74.94000244140625,78.48999786376953,62.130001068115234,3.630000114440918,1.600000023841858,6.570000171661377,36.61000061035156,11.140000343322754,37.88999938964844,7.559999942779541
162.08999633789062,80.31999969482422,84.69999694824219,52.189998626708984,4.96999979019165,2.009999990463257,12.539999961853027,40.939998626708984,14.350000381469728,48.029998779296875,6.360000133514404
156.13999938964844,81.75,80.75,54.630001068115234,3.819999933242798,1.7899999618530271,8.739999771118164,37.849998474121094,10.68000030517578,43.5099983215332,7.820000171661377
162.77000427246094,78.68000030517578,84.52999877929688,59.33000183105469,4.119999885559082,1.899999976158142,10.029999732971191,37.869998931884766,14.8100004196167,48.689998626708984,9.789999961853027
145.3300018310547,74.62000274658203,85.33999633789062,60.150001525878906,4.46999979019165,2.0799999237060547,10.68000030517578,38.630001068115234,13.630000114440918,54.47999954223633,8.40999984741211
160.64999389648438,74.16000366210938,83.87999725341797,60.47999954223633,4.019999980926514,2.2799999713897705,11.729999542236328,35.9900016784668,14.829999923706056,49.220001220703125,7.079999923706055
145.32000732421875,71.5,84.91000366210938,59.06999969482422,4.260000228881836,2.2300000190734863,10.800000190734863,36.52000045776367,13.869999885559082,50.34000015258789,7.309999942779541
154.77999877929688,75.88999938964844,84.62999725341797,56.689998626708984,4.940000057220459,2.309999942779541,10.699999809265137,41.56999969482422,10.550000190734863,55.970001220703125,8.989999771118164
158.38999938964844,74.88999938964844,78.2300033569336,69.9800033569336,2.5199999809265137,1.5,5.71999979019165,27.63999938964844,10.289999961853027,35.5,8.529999732971191
157.50999450683594,77.36000061035156,86.5999984741211,52.189998626708984,6.059999942779541,2.309999942779541,13.800000190734863,50.18000030517578,15.279999732971191,62.810001373291016,7.260000228881836
154.14999389648438,73.62999725341797,79.9800033569336,66.0199966430664,3.5,1.649999976158142,7.159999847412109,34.709999084472656,10.600000381469728,38.61000061035156,7.090000152587891
168.08999633789062,81.16999816894531,90.93000030517578,56.72999954223633,5.800000190734863,2.549999952316284,14.34000015258789,56.150001525878906,22.049999237060547,63.599998474121094,8.619999885559082
171.02999877929688,83.91000366210938,93.43000030517578,43.0099983215332,8.369999885559082,2.8299999237060547,17.780000686645508,60.130001068115234,19.86000061035156,57.529998779296875,6.480000019073486
173.3800048828125,82.36000061035156,90.16000366210938,52.15999984741211,6.599999904632568,2.049999952316284,15.100000381469728,53.720001220703125,16.3799991607666,54.970001220703125,10.9399995803833
154.4199981689453,79.73999786376953,80.37999725341797,57.310001373291016,4.340000152587891,1.5700000524520874,9.729999542236328,40.0099983215332,6.989999771118164,47.220001220703125,8.25
149.22000122070312,73.45999908447266,82.37000274658203,58.77000045776367,7.75,2.2799999713897705,14.399999618530272,53.77000045776367,11.890000343322754,69.13999938964844,7.880000114440918
160.55999755859375,79.02999877929688,75.3499984741211,70.02999877929688,4.739999771118164,1.7200000286102295,9.100000381469728,41.220001220703125,7.510000228881836,42.16999816894531,9.880000114440918
152.42999267578125,76.55999755859375,72.29000091552734,66.88999938964844,5.760000228881836,1.4900000095367432,9.270000457763672,43.779998779296875,5.380000114440918,45.59000015258789,7.960000038146973
165.13999938964844,78.5199966430664,75.68000030517578,56.150001525878906,8.449999809265137,1.8899999856948853,14.989999771118164,54.61000061035156,9.020000457763672,70.72000122070312,8.6899995803833
168.42999267578125,89.43000030517578,73.33000183105469,45.72999954223633,8.239999771118164,1.6299999952316284,11.65999984741211,52.93000030517578,5.619999885559082,57.58000183105469,8.789999961853027
171.33999633789062,85.48999786376953,70.5199966430664,60.66999816894531,8.010000228881836,1.5800000429153442,11.949999809265137,54.36000061035156,5.760000228881836,62.61000061035156,10.109999656677246
